chargingStation_chargeInTransit;chargingStation_coordinates;chargingStation_efficiency;chargingStation_endPos;chargingStation_id;chargingStation_lane;chargingStation_name;chargingStation_power;chargingStation_startPos;free_area
FALSCH;13.303440333503405,52.492583731258065;95;27524;cd_cicerostrasse_01;E1.51_0;Depot Cicerostraße;150000;0;26400
FALSCH;13.33776446744273,52.56058715781662;95;51064;cd_muellerstrasse_01;-E19_0;Depot Müllerstraße;150000;0;30190
FALSCH;13.339324,52.526360;95;6706;cs_10498_0;461910873#1_0;U Turmstr. (Berlin)_Charger;150000;5406;120
FALSCH;13.123653,52.428382;95;674;cs_10661_32;-259536422_0;Pfaueninsel (Berlin)_Charger;150000;0;0
FALSCH;13.123557,52.428404;95;1300;cs_10663_0;-259536415_0;Pfaueninsel (Berlin)_Charger;150000;0;0
FALSCH;13.387647,52.533308;95;7989;cs_10785_23;-165465028#0_0;S Nordbahnhof/Gartenstr. (Berlin)_Charger;150000;6689;60
FALSCH;13.388397,52.532752;95;4390;cs_10789_0;-169719061#2_0;S Nordbahnhof/Gartenstr. (Berlin)_Charger;150000;3090;60
FALSCH;13.410719,52.444842;95;6881;cs_10948_29;-469999015_0;Dardanellenweg (Berlin)_Charger;150000;5581;180
FALSCH;13.266048,52.455022;95;6651;cs_10994_37;-469999029_0;Waldfriedhof Dahlem (Berlin)_Charger;150000;5351;60
FALSCH;13.509171,52.454128;95;3739;cs_11407_0;-MA068_0;S Schöneweide/Sterndamm (Berlin)_Charger;150000;2439;100
FALSCH;13.289536,52.456885;95;8412;cs_11407_61;23109073#1_0;U Dahlem-Dorf (Berlin)_Charger;150000;7112;210
FALSCH;13.447302,52.436962;95;35776;cs_11658_39;-31002335#0_0;U Britz-Süd (Berlin)_Charger;150000;34476;120
FALSCH;13.350638,52.408168;95;5727;cs_11800_21;451621867#1_0;Waldsassener Str. (Berlin)_Charger;150000;4427;180
FALSCH;13.350318,52.407212;95;6625;cs_11804_0;-451621866_0;Waldsassener Str. (Berlin)_Charger;150000;5325;180
FALSCH;13.240433,52.442571;95;1300;cs_12422_0;385969248#1_0;U Krumme Lanke (Berlin)_Charger;150000;0;0
FALSCH;13.348261,52.451533;95;52539;cs_12751_0;151043332#5_0;Planetarium (Berlin)_Charger;150000;51239;90
FALSCH;13.343485,52.526211;95;6898;cs_9646_49;30276434#1_0;Berlin, Turmstr./Lübecker Str._Charger;150000;5598;150
FALSCH;13.286001,52.551253;95;1716;cs_9724_18;914393586_0;Urban Tech Republic (Berlin)_Charger;150000;416;120
FALSCH;13.270448,52.451036;95;12480;cs_9735_25;718428117#1_0;U Oskar-Helene-Heim (Berlin)_Charger;150000;11180;90
FALSCH;13.367829,52.526232;95;10778;cs_9873_50;4389557#1_0;S+U Berlin Hauptbahnhof_Charger;150000;9478;1500
FALSCH;13.194286,52.535691;95;1594;cs_agg_10045_25_11089_9_12475_23;450086133_0;Berlin, Galenstr._Charger;150000;0;90
FALSCH;13.369301,52.556887;95;9395;cs_agg_10115_0_9908_0_12037_0_9922_53_10818_33_10120_37_12038_12_9929_11_9931_0;456213456_0;U Osloer Str. (Berlin)_Charger;150000;5195;480
FALSCH;13.491238,52.637732;95;4449;cs_agg_10115_37_10115_38_10189_36_10189_37;-98410013#3_0;S Buch (Berlin) [Am Sandhaus]_Charger;150000;249;0
FALSCH;13.490768,52.638013;95;3351;cs_agg_10120_0_10195_0_12049_0;98410013#0_0;S Buch (Berlin) [Am Sandhaus]_Charger;150000;0;90
FALSCH;13.407394,52.613580;95;61016;cs_agg_10142_44_10136_0_9897_50_9889_0;42813669_0;Berlin, Aubertstr._Charger;150000;56816;716
FALSCH;13.508907,52.453985;95;4931;cs_agg_10258_1_10221_30_10312_0_10312_1_12434_0_12422_35_10315_28_10882_1;MA080_0;S Schöneweide/Sterndamm (Berlin)_Charger;150000;731;150
FALSCH;13.400449,52.386691;95;6640;cs_agg_10385_45_10395_0_11755_32_11759_0;-858123638#0_0;S Lichtenrade (Berlin)_Charger;150000;2440;270
FALSCH;13.328173,52.466195;95;11044;cs_agg_10437_0_11755_0_12113_0_10437_1_11755_1_12113_1_11941_24;30143978#1_0;U Walther-Schreiber-Platz (Berlin)_Charger;150000;6844;330
FALSCH;13.362222,52.434593;95;6154;cs_agg_10437_17_10498_41;461910870#2_0;Halbauer Weg (Berlin)_Charger;150000;3354;180
FALSCH;13.328458,52.465225;95;10859;cs_agg_10444_40_11759_32_12115_49;4463221#1_0;U Walther-Schreiber-Platz (Berlin)_Charger;150000;6659;180
FALSCH;13.296658,52.423558;95;13051;cs_agg_10537_16_10538_0;24160797_0;Berlin, Appenzeller Str._Charger;150000;10251;240
FALSCH;13.285410,52.506677;95;4677;cs_agg_10661_0_10064_29_10663_31_10066_0;4616321#2_0;S Messe Nord/ICC (Berlin)_Charger;150000;477;120
FALSCH;13.279341,52.593922;95;5330;cs_agg_10671_36_11882_47_11989_25;MA046_0;Berlin, An der Mühle_Charger;150000;1130;1800
FALSCH;13.274735,52.634236;95;5434;cs_agg_10675_37_10671_0_11957_0_11962_49_10671_1_11957_1;-39496182#0_0;Hainbuchenstr. (Berlin)_Charger;150000;1234;60
FALSCH;13.380534,52.528392;95;7967;cs_agg_10740_22_10099_15;-671403217_0;Robert-Koch-Platz (Berlin)_Charger;150000;5167;180
FALSCH;13.281541,52.476283;95;7628;cs_agg_10804_21_10804_22_11538_46_11538_47_10481_5;4486596#2_0;Roseneck (Berlin)_Charger;150000;3428;120
FALSCH;13.282403,52.475828;95;7506;cs_agg_10808_0_11530_0_10808_1_11530_1;24673480_0;Roseneck (Berlin)_Charger;150000;3306;120
FALSCH;13.306340,52.469124;95;6550;cs_agg_10948_0_10802_38;30699893_0;Dillenburger Str. (Berlin)_Charger;150000;3750;180
FALSCH;13.374719,52.423392;95;6974;cs_agg_10959_0_10956_24_12115_27_12434_14_11773_6_10959_1_11776_10_12113_22_12422_21;120395207#1_0;S Marienfelde (Berlin)_Charger;150000;2774;300
FALSCH;13.319277,52.454933;95;3534;cs_agg_10965_0_10970_27;30157290_0;S+U Rathaus Steglitz (Berlin)_Charger;150000;734;180
FALSCH;13.313813,52.410985;95;10637;cs_agg_10965_25_10970_0;148288810#2_0;S Lichterfelde Süd (Berlin)_Charger;150000;7837;60
FALSCH;13.265850,52.454979;95;1300;cs_agg_10980_0_10980_1;469999032_0;Waldfriedhof Dahlem (Berlin)_Charger;150000;0;75
FALSCH;13.322489,52.456365;95;3671;cs_agg_10994_0_10980_36;30157292#1_0;S+U Rathaus Steglitz (Berlin)_Charger;150000;871;120
FALSCH;13.320978,52.455798;95;4102;cs_agg_10994_1_12123_0_10959_25_10336_34_10329_0_10956_0;469999020_0;S+U Rathaus Steglitz (Berlin)_Charger;150000;0;0
FALSCH;13.285789,52.522147;95;25615;cs_agg_11039_0_11037_12;15926759_0;Schlosspark-Klinik (Berlin)_Charger;150000;22815;60
FALSCH;13.303342,52.505548;95;20372;cs_agg_11039_11_11037_0_12607_19_12605_0_11037_1_12605_1_12497_20_12499_0_12499_1;25369033#2_0;U Wilmersdorfer Str./S Charlottenburg (Berlin)_Charger;150000;16172;240
FALSCH;13.351879,52.572431;95;7701;cs_agg_11060_0_11067_23;57936173#3_0;U Paracelsus-Bad/Aroser Allee (Berlin)_Charger;150000;4901;240
FALSCH;13.331409,52.607513;95;5860;cs_agg_11065_20_11067_0_9852_0_9844_45;455953261#1_0;Titiseestr. (Berlin)_Charger;150000;1660;240
FALSCH;13.227884,52.585038;95;3920;cs_agg_11079_0_11077_9_11079_1_10705_29;-461331989#0_0;Berlin, Falkenplatz_Charger;150000;0;90
FALSCH;13.211948,52.606828;95;7011;cs_agg_11079_10_11077_0;223737429_0;Berlin, Alt-Heiligensee_Charger;150000;4211;30
FALSCH;13.379948,52.571899;95;2319;cs_agg_11082_16_10120_31_11085_0_12038_6;28819804_0;S Schönholz (Berlin)_Charger;150000;0;75
FALSCH;13.193939,52.535667;95;1873;cs_agg_11090_0_10036_0_12472_0;-450086133_0;Berlin, Galenstr._Charger;150000;0;90
FALSCH;13.390781,52.492457;95;17251;cs_agg_11475_0_11467_26_11475_1;52158843#1_0;U Mehringdamm (Berlin)_Charger;150000;13051;120
FALSCH;13.263160,52.487677;95;3434;cs_agg_11475_27_10487_39_10481_0_11467_0;172282359_0;S Grunewald (Berlin)_Charger;150000;0;120
FALSCH;13.364784,52.597124;95;1300;cs_agg_11514_0_12043_0;-420483060#0_0;Wilhelmsruher Damm (Berlin)_Charger;150000;0;0
FALSCH;13.305725,52.533672;95;18748;cs_agg_11514_32_11516_0_12464_0_12462_15_11516_1_12464_1;-857983579_0;Goerdelersteg (Berlin)_Charger;150000;14548;210
FALSCH;13.327118,52.563120;95;3392;cs_agg_11516_10_9908_16_10691_9_11882_34_12464_4_9929_0_9844_1_9931_11;27606891#2_0;U Kurt-Schumacher-Platz (Berlin)_Charger;150000;0;115
FALSCH;13.369314,52.597394;95;14990;cs_agg_11516_32_11970_0_12041_8_11921_0;451458155_0;Wilhelmsruher Damm (Berlin)_Charger;150000;10790;1180
FALSCH;13.415966,52.569735;95;1300;cs_agg_11518_0_11838_49_11845_0_11523_30;243102981_0;Hadlichstr. (Berlin)_Charger;150000;0;1360
FALSCH;13.296931,52.530544;95;23312;cs_agg_11518_32_11523_0;806903754_0;S+U Jungfernheide Bhf (Berlin)_Charger;150000;20512;60
FALSCH;13.419819,52.489859;95;35695;cs_agg_11538_0_11530_46;385888165#4_0;U Hermannplatz/Urbanstr. (Berlin)_Charger;150000;32895;150
FALSCH;13.334112,52.508631;95;4863;cs_agg_11643_41_11697_35_10630_17_12477_32_10808_22_9722_19_11978_23_9737_25_11665_39;4517104_0;Hertzallee (Berlin)_Charger;150000;663;2850
FALSCH;13.442203,52.437547;95;33345;cs_agg_11665_0_10437_34_11665_1;138515677#4_0;U Britz-Süd (Berlin)_Charger;150000;29145;210
FALSCH;13.249529,52.436155;95;13153;cs_agg_11679_0_11683_37_11679_1;256245721_0;Busseallee (Berlin)_Charger;150000;8953;105
FALSCH;13.381116,52.511033;95;11200;cs_agg_11679_36_11683_0;710761406_0;U Mohrenstr. (Berlin)_Charger;150000;8400;120
FALSCH;13.319277,52.454933;95;13322;cs_agg_11800_0_11164_0_11804_22_11166_22;30157290_0;S+U Rathaus Steglitz (Berlin)_Charger;150000;9122;90
FALSCH;13.321472,52.456047;95;7039;cs_agg_11804_21_10538_19_11166_21_10970_26_10537_0_10538_20;30157285_0;S+U Rathaus Steglitz (Berlin)_Charger;150000;2839;0
FALSCH;13.278982,52.594300;95;1300;cs_agg_11880_0_10675_0_11986_0;MA047_0;Berlin, An der Mühle_Charger;150000;0;0
FALSCH;13.355560,52.620290;95;2488;cs_agg_11967_0_11967_1_11963_44_10695_33_10705_0_10705_1;41976565_0;Alt-Lübars (Berlin)_Charger;150000;0;90
FALSCH;13.231339,52.573128;95;26566;cs_agg_11967_43_11963_0_10695_0_10705_33;39473294_0;Tegelort (Berlin)_Charger;150000;22366;0
FALSCH;13.269555,52.550244;95;2425;cs_agg_11968_0_9873_0;-58534538_0;Mäckeritzwiesen (Berlin)_Charger;150000;0;150
FALSCH;13.355657,52.599752;95;16464;cs_agg_11973_30_9852_17_10683_0_9836_28;-669433184_0;Märkische Zeile (Berlin)_Charger;150000;12264;60
FALSCH;13.419735,52.393077;95;27632;cs_agg_12113_47_12561_34_12556_9;-79701272#0_0;Nahariyastr. (Berlin)_Charger;150000;23432;210
FALSCH;13.424014,52.390490;95;1300;cs_agg_12115_0_12558_0_12570_0;30709383_0;Nahariyastr. (Berlin)_Charger;150000;0;0
FALSCH;13.313813,52.410985;95;14752;cs_agg_12123_27_12124_0_10487_0_10481_42;148288810#2_0;S Lichterfelde Süd (Berlin)_Charger;150000;10552;120
FALSCH;13.236547,52.440196;95;36572;cs_agg_12434_34_12434_35;4392634#2_0;U Krumme Lanke (Berlin)_Charger;150000;33772;60
FALSCH;13.364784,52.597124;95;18521;cs_agg_12472_23_9836_31_9897_34_11923_50_11973_33_12043_1_9852_20;-420483060#0_0;Wilhelmsruher Damm (Berlin)_Charger;150000;14321;90
FALSCH;13.273665,52.456113;95;41501;cs_agg_12570_35_12561_0;139806486#2_0;Königin-Luise-Str./Clayallee (Berlin)_Charger;150000;38701;150
FALSCH;13.257333,52.518981;95;12162;cs_agg_12751_33_12751_34_11845_43;332306828#3_0;Brixplatz (Berlin)_Charger;150000;7962;90
FALSCH;13.480707,52.490333;95;8491;cs_agg_12763_36_12771_0;450189363_0;Berlin, Tunnelstr._Charger;150000;5691;240
FALSCH;13.331250,52.486216;95;7842;cs_agg_12788_0_12763_0_12771_36;4442099#1_0;U Berliner Str. (Berlin)_Charger;150000;3642;150
FALSCH;13.330707,52.509725;95;11489;cs_agg_9627_0_9735_0_10804_0_11658_0_11946_0_11979_0_11838_17_11649_0_9724_0_10632_0_11941_14_10740_0_12482_0_11703_0;-25418282_0;Hertzallee (Berlin)_Charger;150000;7289;2850
FALSCH;13.345177,52.526321;95;2600;cs_agg_9633_0_9633_1;671403224#1_0;Berlin, Turmstr./Lübecker Str._Charger;150000;0;60
FALSCH;13.251566,52.409452;95;5234;cs_agg_9633_48_11946_43_11949_0_9646_0;-140336718#0_0;Sachtlebenstr. (Berlin)_Charger;150000;1034;60
FALSCH;13.285840,52.551375;95;1720;cs_agg_9722_0_9722_1;886344278_0;Urban Tech Republic (Berlin)_Charger;150000;0;120
FALSCH;13.268605,52.451004;95;9783;cs_agg_9737_0_11857_8_9737_1;207716520_0;U Oskar-Helene-Heim (Berlin)_Charger;150000;5583;120
FALSCH;13.314634,52.489963;95;16243;cs_agg_9777_0_9773_29;4368690_0;Mansfelder Str./Barstr. (Berlin)_Charger;150000;13443;60
FALSCH;13.226791,52.421262;95;3331;cs_agg_9777_31_9773_0;23044566_0;Berlin, Neuruppiner Str._Charger;150000;531;150
FALSCH;13.369314,52.597394;95;1300;cs_agg_9828_0_12475_0;451458155_0;Wilhelmsruher Damm (Berlin)_Charger;150000;0;60
FALSCH;13.360043,52.547083;95;1713;cs_agg_9828_32_10099_29_10103_28_10109_0_10789_24_11082_0_10785_0_10691_0_11085_17_10094_0_10683_32_9836_0;375861848_0;U Leopoldplatz (Berlin)_Charger;150000;0;390
FALSCH;13.356129,52.596848;95;15857;cs_agg_9828_4_11970_4_10691_33_9844_29;4802807#2_0;Märkische Zeile (Berlin)_Charger;150000;11657;120
FALSCH;13.326750,52.563205;95;9330;cs_agg_9852_46_9844_0;24041366_0;U Kurt-Schumacher-Platz (Berlin)_Charger;150000;6530;640
FALSCH;13.369049,52.526519;95;1300;cs_agg_9863_0_9863_1;111251392_0;S+U Berlin Hauptbahnhof_Charger;150000;0;1500
FALSCH;13.270448,52.549261;95;11630;cs_agg_9863_50_11969_8;-333626093_0;Mäckeritzwiesen (Berlin)_Charger;150000;8830;150
FALSCH;13.210365,52.606234;95;8086;cs_agg_9897_0_9973_34_9889_51_9963_0;24735700_0;Berlin, Alt-Heiligensee_Charger;150000;3886;120
FALSCH;13.288166,52.631997;95;2629;cs_agg_9908_53_9922_0;231262268#0_0;S Frohnau (Berlin)_Charger;150000;0;0
FALSCH;13.347716,52.575736;95;49.74;cs_agg_9828_20_11060_9_11065_0_11957_27;4594894#4_0;U Paracelsus-Bad (Berlin)_Charger;150000;7.74;180