station_id,peak_power,3600,7200,10800,14400,18000,21600,25200,28800,32400,36000,39600,43200,46800,50400,54000,57600,61200,64800,68400,72000,75600,79200,82800,86400,90000,93600,97200,100800,104400
cd_muellerstrasse_01,6289,0.0,0.0,0.0,0.0,0.0,0.0,0.0,0.0,81873.421968,594951.72644,388634.10065000004,685378.30161,1489564.1147,296720.321627,1239651.2666900002,559478.37038,843354.7742199999,0.0,0.0,0.0,0.0,0.0,0.0,0.0,0.0,0.0,0.0,0.0,0.0
cd_cicerostrasse_01,5500,0.0,0.0,0.0,0.0,0.0,0.0,0.0,0.0,59747.193,266866.05,312834.3625,720815.81,718065.3700000001,274282.635,2541003.685,438201.225,578936.138,0.0,0.0,0.0,0.0,0.0,0.0,0.0,0.0,0.0,0.0,0.0,0.0
cs_11658_39,25,0.0,0.0,0.0,0.0,0.0,0.0,0.0,0.0,806.1995,1654.138,1401.263,2477.3225,5325.4925,1226.377,11127.355,3097.1625,2610.34,0.0,0.0,0.0,0.0,0.0,0.0,0.0,0.0,0.0,0.0,0.0,0.0
cs_12422_0,37,0.0,0.0,0.0,0.0,0.0,0.0,0.0,0.0,622.2319600000001,1015.717266,1723.9252749999998,4161.981445,6284.9643,1923.44352,16806.66059,3625.11755,19780.44975,56.7036692,0.0,0.0,0.0,0.0,0.0,0.0,0.0,0.0,0.0,0.0,0.0
cs_9646_49,31,0.0,0.0,0.0,0.0,0.0,0.0,0.0,0.0,341.546964,1573.5595970000002,1640.5785899999998,3842.01011,5592.80703,1320.417596,14460.829160000001,3961.2010800000003,7355.98876,0.0,0.0,0.0,0.0,0.0,0.0,0.0,0.0,0.0,0.0,0.0,0.0
cs_9873_50,312,0.0,0.0,0.0,0.0,0.0,0.0,0.0,0.0,3387.6978719999997,15133.677,17739.89256,40884.701519999995,40734.58272,15554.29512,143966.8152,24616.92792,32942.51688,0.0,0.0,0.0,0.0,0.0,0.0,0.0,0.0,0.0,0.0,0.0,0.0
cs_agg_10045_25_11089_9_12475_23,18,0.0,0.0,0.0,0.0,0.0,0.0,0.0,0.0,96.31978199999999,460.397772,822.067308,1549.5517799999998,3597.21378,758.883024,8196.97194,4181.74668,10029.5784,35.9763498,0.0,0.0,0.0,0.0,0.0,0.0,0.0,0.0,0.0,0.0,0.0
cs_agg_10115_0_9908_0_12037_0_9922_53_10818_33_10120_37_12038_12_9929_11_9931_0,100,0.0,0.0,0.0,0.0,0.0,0.0,0.0,0.0,1020.3344,6428.660600000001,6701.595,11874.523000000001,15105.119999999999,6248.398999999999,11658.804,6671.361,7502.3796,0.0,0.0,0.0,0.0,0.0,0.0,0.0,0.0,0.0,0.0,0.0,0.0
cs_agg_10142_44_10136_0_9897_50_9889_0,149,0.0,0.0,0.0,0.0,0.0,0.0,0.0,0.0,2073.671144,9513.434993,9168.65242,13009.298770000001,22438.90979,10164.40154,8628.683125,9890.80625,12267.66021,0.0,0.0,0.0,0.0,0.0,0.0,0.0,0.0,0.0,0.0,0.0,0.0
cs_agg_10258_1_10221_30_10312_0_10312_1_12434_0_12422_35_10315_28_10882_1,31,0.0,0.0,0.0,0.0,0.0,0.0,0.0,0.0,1022.169014,1611.0669,1632.28144,1609.09809,5364.0819,1761.3822730000002,6280.75593,1646.99497,14934.133749999999,0.0,0.0,0.0,0.0,0.0,0.0,0.0,0.0,0.0,0.0,0.0,0.0
cs_agg_10437_0_11755_0_12113_0_10437_1_11755_1_12113_1_11941_24,68,0.0,0.0,0.0,0.0,0.0,0.0,0.0,0.0,738.556432,3298.86326,3867.104648,8910.25352,8876.524159999999,3390.544124,31405.84216,5416.787520000001,7157.1394,0.0,0.0,0.0,0.0,0.0,0.0,0.0,0.0,0.0,0.0,0.0,0.0
cs_agg_10661_0_10064_29_10663_31_10066_0,25,0.0,0.0,0.0,0.0,0.0,0.0,0.0,0.0,306.4617875,1145.6852,1248.6000000000001,2611.40225,4701.706999999999,1158.87675,10427.86625,3584.4895,13943.161,0.0,0.0,0.0,0.0,0.0,0.0,0.0,0.0,0.0,0.0,0.0,0.0
cs_agg_10671_36_11882_47_11989_25,375,0.0,0.0,0.0,0.0,0.0,0.0,0.0,0.0,6686.177624999999,22786.045125,21495.280124999997,35323.39125,84561.38249999999,15432.531,81878.7525,28048.731,157734.73124999998,0.0,0.0,0.0,0.0,0.0,0.0,0.0,0.0,0.0,0.0,0.0,0.0
cs_agg_10804_21_10804_22_11538_46_11538_47_10481_5,25,0.0,0.0,0.0,0.0,0.0,0.0,0.0,0.0,275.78632500000003,1270.31365,1324.41075,3082.1075,4490.33975,1065.9798500000002,11672.20375,3191.55,5928.862749999999,54.724824999999996,0.0,0.0,0.0,0.0,0.0,0.0,0.0,0.0,0.0,0.0,0.0
cs_agg_10959_0_10956_24_12115_27_12434_14_11773_6_10959_1_11776_10_12113_22_12422_21,62,0.0,0.0,0.0,0.0,0.0,0.0,0.0,0.0,1786.28634,3950.98441,3610.891904,7379.86186,12048.061959999999,2848.63154,29619.26434,6580.3879799999995,6186.9087,0.0,0.0,0.0,0.0,0.0,0.0,0.0,0.0,0.0,0.0,0.0,0.0
cs_agg_10965_0_10970_27,37,0.0,0.0,0.0,0.0,0.0,0.0,0.0,0.0,401.974697,1795.44424,2104.712884,4849.1422999999995,4830.81916,1845.342255,17077.9309,2947.823522,3891.5223600000004,0.0,0.0,0.0,0.0,0.0,0.0,0.0,0.0,0.0,0.0,0.0,0.0
cs_agg_10994_0_10980_36,25,0.0,0.0,0.0,0.0,0.0,0.0,0.0,0.0,271.731275,1213.6703499999999,1422.723575,3277.6492500000004,3265.3282500000005,1247.399425,11535.68575,1992.4737499999999,2629.07725,0.0,0.0,0.0,0.0,0.0,0.0,0.0,0.0,0.0,0.0,0.0,0.0
cs_agg_11039_11_11037_0_12607_19_12605_0_11037_1_12605_1_12497_20_12499_0_12499_1,50,0.0,0.0,0.0,0.0,0.0,0.0,0.0,0.0,551.15745,2539.1897,2647.334,6199.2325,9019.278,2130.71175,23296.07,6385.6775,11826.390000000001,0.0,0.0,0.0,0.0,0.0,0.0,0.0,0.0,0.0,0.0,0.0,0.0
cs_agg_11065_20_11067_0_9852_0_9844_45,50,0.0,0.0,0.0,0.0,0.0,0.0,0.0,0.0,600.5065,3364.7647999999995,3225.181,4098.116,11550.0,2663.7548500000003,4126.66475,4288.782,10576.76,0.0,0.0,0.0,0.0,0.0,0.0,0.0,0.0,0.0,0.0,0.0,0.0
cs_agg_11475_0_11467_26_11475_1,25,0.0,0.0,0.0,0.0,0.0,0.0,0.0,0.0,719.84225,1591.8249250000001,1454.66595,2973.53975,4860.8947499999995,1147.6142,11981.479,2654.798,2503.5364999999997,0.0,0.0,0.0,0.0,0.0,0.0,0.0,0.0,0.0,0.0,0.0,0.0
cs_agg_11475_27_10487_39_10481_0_11467_0,25,0.0,0.0,0.0,0.0,0.0,0.0,0.0,0.0,275.74915,1270.15285,1324.24345,3081.89565,4490.0467499999995,1065.84405,11674.6705,3191.44535,5927.62825,54.716682500000005,0.0,0.0,0.0,0.0,0.0,0.0,0.0,0.0,0.0,0.0,0.0
cs_agg_11518_0_11838_49_11845_0_11523_30,283,0.0,0.0,0.0,0.0,0.0,0.0,0.0,0.0,4243.1876680000005,15770.25141,19459.046039999997,36330.821180000006,36062.67302,18913.652685,29034.025589999997,11789.187398,18870.7513,0.0,0.0,0.0,0.0,0.0,0.0,0.0,0.0,0.0,0.0,0.0,0.0
cs_agg_11518_32_11523_0,12,0.0,0.0,0.0,0.0,0.0,0.0,0.0,0.0,147.068064,549.809964,599.1988799999999,1253.24736,2257.3725600000002,556.1405159999999,5009.6424,1721.46276,6705.4295999999995,0.0,0.0,0.0,0.0,0.0,0.0,0.0,0.0,0.0,0.0,0.0,0.0
cs_agg_11538_0_11530_46,31,0.0,0.0,0.0,0.0,0.0,0.0,0.0,0.0,978.541753,2052.32989,1737.953124,3048.502986,6559.58822,1497.5945,13749.211449999999,3743.21063,3238.2196999999996,0.0,0.0,0.0,0.0,0.0,0.0,0.0,0.0,0.0,0.0,0.0,0.0
cs_agg_11643_41_11697_35_10630_17_12477_32_10808_22_9722_19_11978_23_9737_25_11665_39,593,0.0,0.0,0.0,0.0,0.0,0.0,0.0,0.0,6533.2242095,30099.63632,31381.599731000002,73488.58054,106957.09137000001,25257.437892,276457.6081,75747.50137,140546.46745999999,0.0,0.0,0.0,0.0,0.0,0.0,0.0,0.0,0.0,0.0,0.0,0.0
cs_agg_11679_0_11683_37_11679_1,21,0.0,0.0,0.0,0.0,0.0,0.0,0.0,0.0,353.237976,576.615165,978.655167,2362.676085,3567.8008800000002,1091.918856,9538.010999999999,2057.75346,11225.9238,32.191551000000004,0.0,0.0,0.0,0.0,0.0,0.0,0.0,0.0,0.0,0.0,0.0
cs_agg_11679_36_11683_0,25,0.0,0.0,0.0,0.0,0.0,0.0,0.0,0.0,271.42095,1212.511825,1421.3229999999999,3275.66525,3263.7905000000005,1246.2119,11533.548,1972.30025,2639.4232500000003,0.0,0.0,0.0,0.0,0.0,0.0,0.0,0.0,0.0,0.0,0.0,0.0
cs_agg_11800_0_11164_0_11804_22_11166_22,18,0.0,0.0,0.0,0.0,0.0,0.0,0.0,0.0,195.555258,873.4593600000001,1023.9143760000001,2359.0422,2350.12824,897.7340700000001,8308.1826,1434.0763080000002,1893.1730400000001,0.0,0.0,0.0,0.0,0.0,0.0,0.0,0.0,0.0,0.0,0.0,0.0
cs_agg_11967_0_11967_1_11963_44_10695_33_10705_0_10705_1,18,0.0,0.0,0.0,0.0,0.0,0.0,0.0,0.0,240.844356,1251.44748,1174.76802,1552.2246,3482.0557200000003,1234.34478,1123.817184,1386.83538,1263.660912,0.0,0.0,0.0,0.0,0.0,0.0,0.0,0.0,0.0,0.0,0.0,0.0
cs_agg_11968_0_9873_0,31,0.0,0.0,0.0,0.0,0.0,0.0,0.0,0.0,553.020718,1884.66701,1777.8537199999998,2921.5361,6987.62599,1276.41818,6763.991370000001,2319.20641,12997.12665,0.0,0.0,0.0,0.0,0.0,0.0,0.0,0.0,0.0,0.0,0.0,0.0
cs_agg_12113_47_12561_34_12556_9,43,0.0,0.0,0.0,0.0,0.0,0.0,0.0,0.0,1325.971392,3528.61741,1830.7839099999999,1634.41925,8567.06587,2480.61883,16672.23176,6559.89166,3553.83777,0.0,0.0,0.0,0.0,0.0,0.0,0.0,0.0,0.0,0.0,0.0,0.0
cs_agg_12472_23_9836_31_9897_34_11923_50_11973_33_12043_1_9852_20,18,0.0,0.0,0.0,0.0,0.0,0.0,0.0,0.0,183.660192,1157.1496200000001,1206.2871,2137.41018,2718.90414,1124.71182,2098.57554,1200.84498,1350.1373400000002,0.0,0.0,0.0,0.0,0.0,0.0,0.0,0.0,0.0,0.0,0.0,0.0
cs_agg_12763_36_12771_0,50,0.0,0.0,0.0,0.0,0.0,0.0,0.0,0.0,1655.3131,3071.269,2846.4678,3869.4495,10560.806499999999,2725.719,17009.2,5322.98775,11082.839,0.0,0.0,0.0,0.0,0.0,0.0,0.0,0.0,0.0,0.0,0.0,0.0
cs_agg_12788_0_12763_0_12771_36,31,0.0,0.0,0.0,0.0,0.0,0.0,0.0,0.0,336.756596,1504.15286,1763.246675,4062.78281,4047.4080500000005,1545.955647,14323.5252,2469.9259300000003,3264.7659299999996,0.0,0.0,0.0,0.0,0.0,0.0,0.0,0.0,0.0,0.0,0.0,0.0
cs_agg_9633_48_11946_43_11949_0_9646_0,12,0.0,0.0,0.0,0.0,0.0,0.0,0.0,0.0,251.236428,397.66751999999997,596.9673600000001,1997.0274,1865.84064,520.219164,6352.5288,887.5252800000001,5545.7058,18.57234,0.0,0.0,0.0,0.0,0.0,0.0,0.0,0.0,0.0,0.0,0.0
cs_agg_9777_31_9773_0,31,0.0,0.0,0.0,0.0,0.0,0.0,0.0,0.0,521.468608,851.229,1444.74012,3487.8069,5265.56793,1611.94513,14070.08253,3036.842274,16540.6142,47.523198400000005,0.0,0.0,0.0,0.0,0.0,0.0,0.0,0.0,0.0,0.0,0.0
cs_agg_9828_32_10099_29_10103_28_10109_0_10789_24_11082_0_10785_0_10691_0_11085_17_10094_0_10683_32_9836_0,81,0.0,0.0,0.0,0.0,0.0,0.0,0.0,0.0,879.463089,3928.78674,4605.376743,10614.36312,10575.12348,4037.98203,37395.46116,6391.110600000001,8556.49494,0.0,0.0,0.0,0.0,0.0,0.0,0.0,0.0,0.0,0.0,0.0,0.0
cs_agg_9852_46_9844_0,133,0.0,0.0,0.0,0.0,0.0,0.0,0.0,0.0,1731.6913880000002,12585.58385,8219.871219,14496.18737,31501.33063,6275.84174,26214.86126,11832.42613,17822.8512,0.0,0.0,0.0,0.0,0.0,0.0,0.0,0.0,0.0,0.0,0.0,0.0
cs_agg_9897_0_9973_34_9889_51_9963_0,25,0.0,0.0,0.0,0.0,0.0,0.0,0.0,0.0,313.4904625,1065.018175,1310.8905,1932.03425,4196.4835,1026.3467500000002,1980.1361,1181.53525,14000.941499999999,52.351420000000005,0.0,0.0,0.0,0.0,0.0,0.0,0.0,0.0,0.0,0.0,0.0
cs_agg_9908_53_9922_0,0,0.0,0.0,0.0,0.0,0.0,0.0,0.0,0.0,0.0,0.0,0.0,0.0,0.0,0.0,0.0,0.0,0.0,0.0,0.0,0.0,0.0,0.0,0.0,0.0,0.0,0.0,0.0,0.0,0.0
