statistics_code;statistics_label;time_code;time_label;time;1_variable_code;1_variable_label;1_variable_attribute_code;1_variable_attribute_label;2_variable_code;2_variable_label;2_variable_attribute_code;2_variable_attribute_label;3_variable_code;3_variable_label;3_variable_attribute_code;3_variable_attribute_label;value;value_unit;value_variable_code;value_variable_label;value_q
61243;Durchschnittspreise für Strom und Gas;JAHR;Jahr;2020;DINSG;Deutschland insgesamt;DG;Deutschland;PREKO1;Preisbestandteile;STR-ABG-UML;Steuern, Abgaben und Umlagen;VBRST2;Strom-Jahresverbrauchsklassen Nicht-Haushalte;;Insgesamt;0,1132;EUR/kWh;PRE061;Strompreise für Nicht-Haushalte;e
61243;Durchschnittspreise für Strom und Gas;JAHR;Jahr;2024;DINSG;Deutschland insgesamt;DG;Deutschland;PREKO1;Preisbestandteile;ENR-VTB;Energie und Vertrieb;VBRST2;Strom-Jahresverbrauchsklassen Nicht-Haushalte;NHH-STR-ID;2 000 bis unter 20 000 MWh;0,1235;EUR/kWh;PRE061;Strompreise für Nicht-Haushalte;e
61243;Durchschnittspreise für Strom und Gas;JAHR;Jahr;2020;DINSG;Deutschland insgesamt;DG;Deutschland;PREKO1;Preisbestandteile;STR-ABG-UML;Steuern, Abgaben und Umlagen;VBRST2;Strom-Jahresverbrauchsklassen Nicht-Haushalte;NHH-STR-IF;70 000 bis unter 150 000 MWh;0,0965;EUR/kWh;PRE061;Strompreise für Nicht-Haushalte;e
61243;Durchschnittspreise für Strom und Gas;JAHR;Jahr;2019;DINSG;Deutschland insgesamt;DG;Deutschland;PREKO1;Preisbestandteile;ENR-VTB;Energie und Vertrieb;VBRST2;Strom-Jahresverbrauchsklassen Nicht-Haushalte;;Insgesamt;0,0317;EUR/kWh;PRE061;Strompreise für Nicht-Haushalte;e
61243;Durchschnittspreise für Strom und Gas;JAHR;Jahr;2023;DINSG;Deutschland insgesamt;DG;Deutschland;PREKO1;Preisbestandteile;STR-ABG-UML;Steuern, Abgaben und Umlagen;VBRST2;Strom-Jahresverbrauchsklassen Nicht-Haushalte;NHH-STR-IG;150 000 MWh und mehr;0,0642;EUR/kWh;PRE061;Strompreise für Nicht-Haushalte;e
61243;Durchschnittspreise für Strom und Gas;JAHR;Jahr;2020;DINSG;Deutschland insgesamt;DG;Deutschland;PREKO1;Preisbestandteile;ENR-VTB;Energie und Vertrieb;VBRST2;Strom-Jahresverbrauchsklassen Nicht-Haushalte;NHH-STR-IE;20 000 bis unter 70 000 MWh;0,0322;EUR/kWh;PRE061;Strompreise für Nicht-Haushalte;e
61243;Durchschnittspreise für Strom und Gas;JAHR;Jahr;2020;DINSG;Deutschland insgesamt;DG;Deutschland;PREKO1;Preisbestandteile;STR-ABG-UML;Steuern, Abgaben und Umlagen;VBRST2;Strom-Jahresverbrauchsklassen Nicht-Haushalte;NHH-STR-IB;20 bis unter 500 MWh;0,1389;EUR/kWh;PRE061;Strompreise für Nicht-Haushalte;e
61243;Durchschnittspreise für Strom und Gas;JAHR;Jahr;2021;DINSG;Deutschland insgesamt;DG;Deutschland;PREKO1;Preisbestandteile;KOS-NETZ;Netzkosten;VBRST2;Strom-Jahresverbrauchsklassen Nicht-Haushalte;NHH-STR-IE;20 000 bis unter 70 000 MWh;0,0212;EUR/kWh;PRE061;Strompreise für Nicht-Haushalte;e
61243;Durchschnittspreise für Strom und Gas;JAHR;Jahr;2023;DINSG;Deutschland insgesamt;DG;Deutschland;PREKO1;Preisbestandteile;STR-ABG-UML;Steuern, Abgaben und Umlagen;VBRST2;Strom-Jahresverbrauchsklassen Nicht-Haushalte;NHH-STR-IC;500 bis unter 2 000 MWh;0,0784;EUR/kWh;PRE061;Strompreise für Nicht-Haushalte;e
61243;Durchschnittspreise für Strom und Gas;JAHR;Jahr;2023;DINSG;Deutschland insgesamt;DG;Deutschland;PREKO1;Preisbestandteile;KOS-NETZ;Netzkosten;VBRST2;Strom-Jahresverbrauchsklassen Nicht-Haushalte;NHH-STR-ID;2 000 bis unter 20 000 MWh;0,0411;EUR/kWh;PRE061;Strompreise für Nicht-Haushalte;e
61243;Durchschnittspreise für Strom und Gas;JAHR;Jahr;2020;DINSG;Deutschland insgesamt;DG;Deutschland;PREKO1;Preisbestandteile;ENR-VTB;Energie und Vertrieb;VBRST2;Strom-Jahresverbrauchsklassen Nicht-Haushalte;NHH-STR-IA;unter 20 MWh;0,0651;EUR/kWh;PRE061;Strompreise für Nicht-Haushalte;e
61243;Durchschnittspreise für Strom und Gas;JAHR;Jahr;2025;DINSG;Deutschland insgesamt;DG;Deutschland;PREKO1;Preisbestandteile;ENR-VTB;Energie und Vertrieb;VBRST2;Strom-Jahresverbrauchsklassen Nicht-Haushalte;NHH-STR-IF;70 000 bis unter 150 000 MWh;0,0990;EUR/kWh;PRE061;Strompreise für Nicht-Haushalte;e
61243;Durchschnittspreise für Strom und Gas;JAHR;Jahr;2020;DINSG;Deutschland insgesamt;DG;Deutschland;PREKO1;Preisbestandteile;KOS-NETZ;Netzkosten;VBRST2;Strom-Jahresverbrauchsklassen Nicht-Haushalte;NHH-STR-IA;unter 20 MWh;0,0706;EUR/kWh;PRE061;Strompreise für Nicht-Haushalte;e
61243;Durchschnittspreise für Strom und Gas;JAHR;Jahr;2025;DINSG;Deutschland insgesamt;DG;Deutschland;PREKO1;Preisbestandteile;KOS-NETZ;Netzkosten;VBRST2;Strom-Jahresverbrauchsklassen Nicht-Haushalte;NHH-STR-IC;500 bis unter 2 000 MWh;0,0713;EUR/kWh;PRE061;Strompreise für Nicht-Haushalte;e
61243;Durchschnittspreise für Strom und Gas;JAHR;Jahr;2021;DINSG;Deutschland insgesamt;DG;Deutschland;PREKO1;Preisbestandteile;ENR-VTB;Energie und Vertrieb;VBRST2;Strom-Jahresverbrauchsklassen Nicht-Haushalte;NHH-STR-IC;500 bis unter 2 000 MWh;0,0498;EUR/kWh;PRE061;Strompreise für Nicht-Haushalte;e
61243;Durchschnittspreise für Strom und Gas;JAHR;Jahr;2025;DINSG;Deutschland insgesamt;DG;Deutschland;PREKO1;Preisbestandteile;KOS-NETZ;Netzkosten;VBRST2;Strom-Jahresverbrauchsklassen Nicht-Haushalte;NHH-STR-IG;150 000 MWh und mehr;0,0300;EUR/kWh;PRE061;Strompreise für Nicht-Haushalte;e
61243;Durchschnittspreise für Strom und Gas;JAHR;Jahr;2024;DINSG;Deutschland insgesamt;DG;Deutschland;PREKO1;Preisbestandteile;STR-ABG-UML;Steuern, Abgaben und Umlagen;VBRST2;Strom-Jahresverbrauchsklassen Nicht-Haushalte;NHH-STR-IC;500 bis unter 2 000 MWh;0,0823;EUR/kWh;PRE061;Strompreise für Nicht-Haushalte;e
61243;Durchschnittspreise für Strom und Gas;JAHR;Jahr;2019;DINSG;Deutschland insgesamt;DG;Deutschland;PREKO1;Preisbestandteile;STR-ABG-UML;Steuern, Abgaben und Umlagen;VBRST2;Strom-Jahresverbrauchsklassen Nicht-Haushalte;NHH-STR-IG;150 000 MWh und mehr;0,0766;EUR/kWh;PRE061;Strompreise für Nicht-Haushalte;e
61243;Durchschnittspreise für Strom und Gas;JAHR;Jahr;2021;DINSG;Deutschland insgesamt;DG;Deutschland;PREKO1;Preisbestandteile;STR-ABG-UML;Steuern, Abgaben und Umlagen;VBRST2;Strom-Jahresverbrauchsklassen Nicht-Haushalte;NHH-STR-IB;20 bis unter 500 MWh;0,1410;EUR/kWh;PRE061;Strompreise für Nicht-Haushalte;e
61243;Durchschnittspreise für Strom und Gas;JAHR;Jahr;2021;DINSG;Deutschland insgesamt;DG;Deutschland;PREKO1;Preisbestandteile;ENR-VTB;Energie und Vertrieb;VBRST2;Strom-Jahresverbrauchsklassen Nicht-Haushalte;NHH-STR-IG;150 000 MWh und mehr;0,0633;EUR/kWh;PRE061;Strompreise für Nicht-Haushalte;e
61243;Durchschnittspreise für Strom und Gas;JAHR;Jahr;2024;DINSG;Deutschland insgesamt;DG;Deutschland;PREKO1;Preisbestandteile;STR-ABG-UML;Steuern, Abgaben und Umlagen;VBRST2;Strom-Jahresverbrauchsklassen Nicht-Haushalte;NHH-STR-IG;150 000 MWh und mehr;0,0511;EUR/kWh;PRE061;Strompreise für Nicht-Haushalte;e
61243;Durchschnittspreise für Strom und Gas;JAHR;Jahr;2024;DINSG;Deutschland insgesamt;DG;Deutschland;PREKO1;Preisbestandteile;KOS-NETZ;Netzkosten;VBRST2;Strom-Jahresverbrauchsklassen Nicht-Haushalte;;Insgesamt;0,0558;EUR/kWh;PRE061;Strompreise für Nicht-Haushalte;e
61243;Durchschnittspreise für Strom und Gas;JAHR;Jahr;2019;DINSG;Deutschland insgesamt;DG;Deutschland;PREKO1;Preisbestandteile;STR-ABG-UML;Steuern, Abgaben und Umlagen;VBRST2;Strom-Jahresverbrauchsklassen Nicht-Haushalte;NHH-STR-IC;500 bis unter 2 000 MWh;0,1271;EUR/kWh;PRE061;Strompreise für Nicht-Haushalte;e
61243;Durchschnittspreise für Strom und Gas;JAHR;Jahr;2021;DINSG;Deutschland insgesamt;DG;Deutschland;PREKO1;Preisbestandteile;STR-ABG-UML;Steuern, Abgaben und Umlagen;VBRST2;Strom-Jahresverbrauchsklassen Nicht-Haushalte;NHH-STR-IF;70 000 bis unter 150 000 MWh;0,1031;EUR/kWh;PRE061;Strompreise für Nicht-Haushalte;e
61243;Durchschnittspreise für Strom und Gas;JAHR;Jahr;2022;DINSG;Deutschland insgesamt;DG;Deutschland;PREKO1;Preisbestandteile;STR-ABG-UML;Steuern, Abgaben und Umlagen;VBRST2;Strom-Jahresverbrauchsklassen Nicht-Haushalte;NHH-STR-IC;500 bis unter 2 000 MWh;0,0931;EUR/kWh;PRE061;Strompreise für Nicht-Haushalte;e
61243;Durchschnittspreise für Strom und Gas;JAHR;Jahr;2019;DINSG;Deutschland insgesamt;DG;Deutschland;PREKO1;Preisbestandteile;KOS-NETZ;Netzkosten;VBRST2;Strom-Jahresverbrauchsklassen Nicht-Haushalte;;Insgesamt;0,0327;EUR/kWh;PRE061;Strompreise für Nicht-Haushalte;e
61243;Durchschnittspreise für Strom und Gas;JAHR;Jahr;2019;DINSG;Deutschland insgesamt;DG;Deutschland;PREKO1;Preisbestandteile;ENR-VTB;Energie und Vertrieb;VBRST2;Strom-Jahresverbrauchsklassen Nicht-Haushalte;NHH-STR-IE;20 000 bis unter 70 000 MWh;0,0309;EUR/kWh;PRE061;Strompreise für Nicht-Haushalte;e
61243;Durchschnittspreise für Strom und Gas;JAHR;Jahr;2025;DINSG;Deutschland insgesamt;DG;Deutschland;PREKO1;Preisbestandteile;STR-ABG-UML;Steuern, Abgaben und Umlagen;VBRST2;Strom-Jahresverbrauchsklassen Nicht-Haushalte;NHH-STR-IC;500 bis unter 2 000 MWh;0,0905;EUR/kWh;PRE061;Strompreise für Nicht-Haushalte;e
61243;Durchschnittspreise für Strom und Gas;JAHR;Jahr;2022;DINSG;Deutschland insgesamt;DG;Deutschland;PREKO1;Preisbestandteile;ENR-VTB;Energie und Vertrieb;VBRST2;Strom-Jahresverbrauchsklassen Nicht-Haushalte;;Insgesamt;0,1298;EUR/kWh;PRE061;Strompreise für Nicht-Haushalte;e
61243;Durchschnittspreise für Strom und Gas;JAHR;Jahr;2022;DINSG;Deutschland insgesamt;DG;Deutschland;PREKO1;Preisbestandteile;STR-ABG-UML;Steuern, Abgaben und Umlagen;VBRST2;Strom-Jahresverbrauchsklassen Nicht-Haushalte;NHH-STR-IG;150 000 MWh und mehr;0,0745;EUR/kWh;PRE061;Strompreise für Nicht-Haushalte;e
61243;Durchschnittspreise für Strom und Gas;JAHR;Jahr;2019;DINSG;Deutschland insgesamt;DG;Deutschland;PREKO1;Preisbestandteile;ENR-VTB;Energie und Vertrieb;VBRST2;Strom-Jahresverbrauchsklassen Nicht-Haushalte;NHH-STR-IA;unter 20 MWh;0,0525;EUR/kWh;PRE061;Strompreise für Nicht-Haushalte;e
61243;Durchschnittspreise für Strom und Gas;JAHR;Jahr;2025;DINSG;Deutschland insgesamt;DG;Deutschland;PREKO1;Preisbestandteile;STR-ABG-UML;Steuern, Abgaben und Umlagen;VBRST2;Strom-Jahresverbrauchsklassen Nicht-Haushalte;NHH-STR-IG;150 000 MWh und mehr;0,0535;EUR/kWh;PRE061;Strompreise für Nicht-Haushalte;e
61243;Durchschnittspreise für Strom und Gas;JAHR;Jahr;2022;DINSG;Deutschland insgesamt;DG;Deutschland;PREKO1;Preisbestandteile;ENR-VTB;Energie und Vertrieb;VBRST2;Strom-Jahresverbrauchsklassen Nicht-Haushalte;NHH-STR-ID;2 000 bis unter 20 000 MWh;0,1262;EUR/kWh;PRE061;Strompreise für Nicht-Haushalte;e
61243;Durchschnittspreise für Strom und Gas;JAHR;Jahr;2022;DINSG;Deutschland insgesamt;DG;Deutschland;PREKO1;Preisbestandteile;KOS-NETZ;Netzkosten;VBRST2;Strom-Jahresverbrauchsklassen Nicht-Haushalte;NHH-STR-ID;2 000 bis unter 20 000 MWh;0,0319;EUR/kWh;PRE061;Strompreise für Nicht-Haushalte;e
61243;Durchschnittspreise für Strom und Gas;JAHR;Jahr;2020;DINSG;Deutschland insgesamt;DG;Deutschland;PREKO1;Preisbestandteile;KOS-NETZ;Netzkosten;VBRST2;Strom-Jahresverbrauchsklassen Nicht-Haushalte;NHH-STR-IE;20 000 bis unter 70 000 MWh;0,0244;EUR/kWh;PRE061;Strompreise für Nicht-Haushalte;e
61243;Durchschnittspreise für Strom und Gas;JAHR;Jahr;2025;DINSG;Deutschland insgesamt;DG;Deutschland;PREKO1;Preisbestandteile;ENR-VTB;Energie und Vertrieb;VBRST2;Strom-Jahresverbrauchsklassen Nicht-Haushalte;NHH-STR-IA;unter 20 MWh;0,1559;EUR/kWh;PRE061;Strompreise für Nicht-Haushalte;e
61243;Durchschnittspreise für Strom und Gas;JAHR;Jahr;2023;DINSG;Deutschland insgesamt;DG;Deutschland;PREKO1;Preisbestandteile;ENR-VTB;Energie und Vertrieb;VBRST2;Strom-Jahresverbrauchsklassen Nicht-Haushalte;NHH-STR-IG;150 000 MWh und mehr;0,1229;EUR/kWh;PRE061;Strompreise für Nicht-Haushalte;e
61243;Durchschnittspreise für Strom und Gas;JAHR;Jahr;2021;DINSG;Deutschland insgesamt;DG;Deutschland;PREKO1;Preisbestandteile;KOS-NETZ;Netzkosten;VBRST2;Strom-Jahresverbrauchsklassen Nicht-Haushalte;NHH-STR-IA;unter 20 MWh;0,0715;EUR/kWh;PRE061;Strompreise für Nicht-Haushalte;e
61243;Durchschnittspreise für Strom und Gas;JAHR;Jahr;2024;DINSG;Deutschland insgesamt;DG;Deutschland;PREKO1;Preisbestandteile;KOS-NETZ;Netzkosten;VBRST2;Strom-Jahresverbrauchsklassen Nicht-Haushalte;NHH-STR-IC;500 bis unter 2 000 MWh;0,0704;EUR/kWh;PRE061;Strompreise für Nicht-Haushalte;e
61243;Durchschnittspreise für Strom und Gas;JAHR;Jahr;2023;DINSG;Deutschland insgesamt;DG;Deutschland;PREKO1;Preisbestandteile;ENR-VTB;Energie und Vertrieb;VBRST2;Strom-Jahresverbrauchsklassen Nicht-Haushalte;NHH-STR-IC;500 bis unter 2 000 MWh;0,1349;EUR/kWh;PRE061;Strompreise für Nicht-Haushalte;e
61243;Durchschnittspreise für Strom und Gas;JAHR;Jahr;2024;DINSG;Deutschland insgesamt;DG;Deutschland;PREKO1;Preisbestandteile;KOS-NETZ;Netzkosten;VBRST2;Strom-Jahresverbrauchsklassen Nicht-Haushalte;NHH-STR-IG;150 000 MWh und mehr;0,0297;EUR/kWh;PRE061;Strompreise für Nicht-Haushalte;e
61243;Durchschnittspreise für Strom und Gas;JAHR;Jahr;2019;DINSG;Deutschland insgesamt;DG;Deutschland;PREKO1;Preisbestandteile;KOS-NETZ;Netzkosten;VBRST2;Strom-Jahresverbrauchsklassen Nicht-Haushalte;NHH-STR-IE;20 000 bis unter 70 000 MWh;0,0204;EUR/kWh;PRE061;Strompreise für Nicht-Haushalte;e
61243;Durchschnittspreise für Strom und Gas;JAHR;Jahr;2019;DINSG;Deutschland insgesamt;DG;Deutschland;PREKO1;Preisbestandteile;KOS-NETZ;Netzkosten;VBRST2;Strom-Jahresverbrauchsklassen Nicht-Haushalte;NHH-STR-IA;unter 20 MWh;0,0682;EUR/kWh;PRE061;Strompreise für Nicht-Haushalte;e
61243;Durchschnittspreise für Strom und Gas;JAHR;Jahr;2024;DINSG;Deutschland insgesamt;DG;Deutschland;PREKO1;Preisbestandteile;ENR-VTB;Energie und Vertrieb;VBRST2;Strom-Jahresverbrauchsklassen Nicht-Haushalte;NHH-STR-IC;500 bis unter 2 000 MWh;0,1290;EUR/kWh;PRE061;Strompreise für Nicht-Haushalte;e
61243;Durchschnittspreise für Strom und Gas;JAHR;Jahr;2022;DINSG;Deutschland insgesamt;DG;Deutschland;PREKO1;Preisbestandteile;STR-ABG-UML;Steuern, Abgaben und Umlagen;VBRST2;Strom-Jahresverbrauchsklassen Nicht-Haushalte;;Insgesamt;0,0876;EUR/kWh;PRE061;Strompreise für Nicht-Haushalte;e
61243;Durchschnittspreise für Strom und Gas;JAHR;Jahr;2024;DINSG;Deutschland insgesamt;DG;Deutschland;PREKO1;Preisbestandteile;ENR-VTB;Energie und Vertrieb;VBRST2;Strom-Jahresverbrauchsklassen Nicht-Haushalte;NHH-STR-IG;150 000 MWh und mehr;0,0935;EUR/kWh;PRE061;Strompreise für Nicht-Haushalte;e
61243;Durchschnittspreise für Strom und Gas;JAHR;Jahr;2021;DINSG;Deutschland insgesamt;DG;Deutschland;PREKO1;Preisbestandteile;ENR-VTB;Energie und Vertrieb;VBRST2;Strom-Jahresverbrauchsklassen Nicht-Haushalte;;Insgesamt;0,0542;EUR/kWh;PRE061;Strompreise für Nicht-Haushalte;e
61243;Durchschnittspreise für Strom und Gas;JAHR;Jahr;2019;DINSG;Deutschland insgesamt;DG;Deutschland;PREKO1;Preisbestandteile;STR-ABG-UML;Steuern, Abgaben und Umlagen;VBRST2;Strom-Jahresverbrauchsklassen Nicht-Haushalte;;Insgesamt;0,1112;EUR/kWh;PRE061;Strompreise für Nicht-Haushalte;e
61243;Durchschnittspreise für Strom und Gas;JAHR;Jahr;2020;DINSG;Deutschland insgesamt;DG;Deutschland;PREKO1;Preisbestandteile;STR-ABG-UML;Steuern, Abgaben und Umlagen;VBRST2;Strom-Jahresverbrauchsklassen Nicht-Haushalte;NHH-STR-IG;150 000 MWh und mehr;0,0639;EUR/kWh;PRE061;Strompreise für Nicht-Haushalte;e
61243;Durchschnittspreise für Strom und Gas;JAHR;Jahr;2020;DINSG;Deutschland insgesamt;DG;Deutschland;PREKO1;Preisbestandteile;ENR-VTB;Energie und Vertrieb;VBRST2;Strom-Jahresverbrauchsklassen Nicht-Haushalte;NHH-STR-IF;70 000 bis unter 150 000 MWh;0,0312;EUR/kWh;PRE061;Strompreise für Nicht-Haushalte;e
61243;Durchschnittspreise für Strom und Gas;JAHR;Jahr;2023;DINSG;Deutschland insgesamt;DG;Deutschland;PREKO1;Preisbestandteile;KOS-NETZ;Netzkosten;VBRST2;Strom-Jahresverbrauchsklassen Nicht-Haushalte;NHH-STR-IG;150 000 MWh und mehr;0,0180;EUR/kWh;PRE061;Strompreise für Nicht-Haushalte;e
61243;Durchschnittspreise für Strom und Gas;JAHR;Jahr;2023;DINSG;Deutschland insgesamt;DG;Deutschland;PREKO1;Preisbestandteile;ENR-VTB;Energie und Vertrieb;VBRST2;Strom-Jahresverbrauchsklassen Nicht-Haushalte;NHH-STR-IA;unter 20 MWh;0,1871;EUR/kWh;PRE061;Strompreise für Nicht-Haushalte;e
61243;Durchschnittspreise für Strom und Gas;JAHR;Jahr;2020;DINSG;Deutschland insgesamt;DG;Deutschland;PREKO1;Preisbestandteile;STR-ABG-UML;Steuern, Abgaben und Umlagen;VBRST2;Strom-Jahresverbrauchsklassen Nicht-Haushalte;NHH-STR-IC;500 bis unter 2 000 MWh;0,1315;EUR/kWh;PRE061;Strompreise für Nicht-Haushalte;e
61243;Durchschnittspreise für Strom und Gas;JAHR;Jahr;2023;DINSG;Deutschland insgesamt;DG;Deutschland;PREKO1;Preisbestandteile;STR-ABG-UML;Steuern, Abgaben und Umlagen;VBRST2;Strom-Jahresverbrauchsklassen Nicht-Haushalte;NHH-STR-IF;70 000 bis unter 150 000 MWh;0,0671;EUR/kWh;PRE061;Strompreise für Nicht-Haushalte;e
61243;Durchschnittspreise für Strom und Gas;JAHR;Jahr;2025;DINSG;Deutschland insgesamt;DG;Deutschland;PREKO1;Preisbestandteile;ENR-VTB;Energie und Vertrieb;VBRST2;Strom-Jahresverbrauchsklassen Nicht-Haushalte;NHH-STR-IE;20 000 bis unter 70 000 MWh;0,0979;EUR/kWh;PRE061;Strompreise für Nicht-Haushalte;e
61243;Durchschnittspreise für Strom und Gas;JAHR;Jahr;2020;DINSG;Deutschland insgesamt;DG;Deutschland;PREKO1;Preisbestandteile;ENR-VTB;Energie und Vertrieb;VBRST2;Strom-Jahresverbrauchsklassen Nicht-Haushalte;NHH-STR-IB;20 bis unter 500 MWh;0,0455;EUR/kWh;PRE061;Strompreise für Nicht-Haushalte;e
61243;Durchschnittspreise für Strom und Gas;JAHR;Jahr;2023;DINSG;Deutschland insgesamt;DG;Deutschland;PREKO1;Preisbestandteile;STR-ABG-UML;Steuern, Abgaben und Umlagen;VBRST2;Strom-Jahresverbrauchsklassen Nicht-Haushalte;NHH-STR-IB;20 bis unter 500 MWh;0,0874;EUR/kWh;PRE061;Strompreise für Nicht-Haushalte;e
61243;Durchschnittspreise für Strom und Gas;JAHR;Jahr;2021;DINSG;Deutschland insgesamt;DG;Deutschland;PREKO1;Preisbestandteile;KOS-NETZ;Netzkosten;VBRST2;Strom-Jahresverbrauchsklassen Nicht-Haushalte;NHH-STR-IF;70 000 bis unter 150 000 MWh;0,0131;EUR/kWh;PRE061;Strompreise für Nicht-Haushalte;e
61243;Durchschnittspreise für Strom und Gas;JAHR;Jahr;2023;DINSG;Deutschland insgesamt;DG;Deutschland;PREKO1;Preisbestandteile;KOS-NETZ;Netzkosten;VBRST2;Strom-Jahresverbrauchsklassen Nicht-Haushalte;NHH-STR-IC;500 bis unter 2 000 MWh;0,0548;EUR/kWh;PRE061;Strompreise für Nicht-Haushalte;e
61243;Durchschnittspreise für Strom und Gas;JAHR;Jahr;2020;DINSG;Deutschland insgesamt;DG;Deutschland;PREKO1;Preisbestandteile;KOS-NETZ;Netzkosten;VBRST2;Strom-Jahresverbrauchsklassen Nicht-Haushalte;NHH-STR-IB;20 bis unter 500 MWh;0,0549;EUR/kWh;PRE061;Strompreise für Nicht-Haushalte;e
61243;Durchschnittspreise für Strom und Gas;JAHR;Jahr;2025;DINSG;Deutschland insgesamt;DG;Deutschland;PREKO1;Preisbestandteile;KOS-NETZ;Netzkosten;VBRST2;Strom-Jahresverbrauchsklassen Nicht-Haushalte;NHH-STR-ID;2 000 bis unter 20 000 MWh;0,0554;EUR/kWh;PRE061;Strompreise für Nicht-Haushalte;e
61243;Durchschnittspreise für Strom und Gas;JAHR;Jahr;2024;DINSG;Deutschland insgesamt;DG;Deutschland;PREKO1;Preisbestandteile;STR-ABG-UML;Steuern, Abgaben und Umlagen;VBRST2;Strom-Jahresverbrauchsklassen Nicht-Haushalte;NHH-STR-IB;20 bis unter 500 MWh;0,0931;EUR/kWh;PRE061;Strompreise für Nicht-Haushalte;e
61243;Durchschnittspreise für Strom und Gas;JAHR;Jahr;2019;DINSG;Deutschland insgesamt;DG;Deutschland;PREKO1;Preisbestandteile;STR-ABG-UML;Steuern, Abgaben und Umlagen;VBRST2;Strom-Jahresverbrauchsklassen Nicht-Haushalte;NHH-STR-ID;2 000 bis unter 20 000 MWh;0,1158;EUR/kWh;PRE061;Strompreise für Nicht-Haushalte;e
61243;Durchschnittspreise für Strom und Gas;JAHR;Jahr;2021;DINSG;Deutschland insgesamt;DG;Deutschland;PREKO1;Preisbestandteile;STR-ABG-UML;Steuern, Abgaben und Umlagen;VBRST2;Strom-Jahresverbrauchsklassen Nicht-Haushalte;NHH-STR-IA;unter 20 MWh;0,1574;EUR/kWh;PRE061;Strompreise für Nicht-Haushalte;e
61243;Durchschnittspreise für Strom und Gas;JAHR;Jahr;2023;DINSG;Deutschland insgesamt;DG;Deutschland;PREKO1;Preisbestandteile;KOS-NETZ;Netzkosten;VBRST2;Strom-Jahresverbrauchsklassen Nicht-Haushalte;;Insgesamt;0,0421;EUR/kWh;PRE061;Strompreise für Nicht-Haushalte;e
61243;Durchschnittspreise für Strom und Gas;JAHR;Jahr;2025;DINSG;Deutschland insgesamt;DG;Deutschland;PREKO1;Preisbestandteile;KOS-NETZ;Netzkosten;VBRST2;Strom-Jahresverbrauchsklassen Nicht-Haushalte;;Insgesamt;0,0547;EUR/kWh;PRE061;Strompreise für Nicht-Haushalte;e
61243;Durchschnittspreise für Strom und Gas;JAHR;Jahr;2024;DINSG;Deutschland insgesamt;DG;Deutschland;PREKO1;Preisbestandteile;STR-ABG-UML;Steuern, Abgaben und Umlagen;VBRST2;Strom-Jahresverbrauchsklassen Nicht-Haushalte;NHH-STR-IF;70 000 bis unter 150 000 MWh;0,0559;EUR/kWh;PRE061;Strompreise für Nicht-Haushalte;e
61243;Durchschnittspreise für Strom und Gas;JAHR;Jahr;2021;DINSG;Deutschland insgesamt;DG;Deutschland;PREKO1;Preisbestandteile;STR-ABG-UML;Steuern, Abgaben und Umlagen;VBRST2;Strom-Jahresverbrauchsklassen Nicht-Haushalte;NHH-STR-IE;20 000 bis unter 70 000 MWh;0,0995;EUR/kWh;PRE061;Strompreise für Nicht-Haushalte;e
61243;Durchschnittspreise für Strom und Gas;JAHR;Jahr;2021;DINSG;Deutschland insgesamt;DG;Deutschland;PREKO1;Preisbestandteile;ENR-VTB;Energie und Vertrieb;VBRST2;Strom-Jahresverbrauchsklassen Nicht-Haushalte;NHH-STR-ID;2 000 bis unter 20 000 MWh;0,0502;EUR/kWh;PRE061;Strompreise für Nicht-Haushalte;e
61243;Durchschnittspreise für Strom und Gas;JAHR;Jahr;2021;DINSG;Deutschland insgesamt;DG;Deutschland;PREKO1;Preisbestandteile;STR-ABG-UML;Steuern, Abgaben und Umlagen;VBRST2;Strom-Jahresverbrauchsklassen Nicht-Haushalte;;Insgesamt;0,1133;EUR/kWh;PRE061;Strompreise für Nicht-Haushalte;e
61243;Durchschnittspreise für Strom und Gas;JAHR;Jahr;2025;DINSG;Deutschland insgesamt;DG;Deutschland;PREKO1;Preisbestandteile;STR-ABG-UML;Steuern, Abgaben und Umlagen;VBRST2;Strom-Jahresverbrauchsklassen Nicht-Haushalte;NHH-STR-ID;2 000 bis unter 20 000 MWh;0,0768;EUR/kWh;PRE061;Strompreise für Nicht-Haushalte;e
61243;Durchschnittspreise für Strom und Gas;JAHR;Jahr;2019;DINSG;Deutschland insgesamt;DG;Deutschland;PREKO1;Preisbestandteile;ENR-VTB;Energie und Vertrieb;VBRST2;Strom-Jahresverbrauchsklassen Nicht-Haushalte;NHH-STR-ID;2 000 bis unter 20 000 MWh;0,0310;EUR/kWh;PRE061;Strompreise für Nicht-Haushalte;e
61243;Durchschnittspreise für Strom und Gas;JAHR;Jahr;2024;DINSG;Deutschland insgesamt;DG;Deutschland;PREKO1;Preisbestandteile;ENR-VTB;Energie und Vertrieb;VBRST2;Strom-Jahresverbrauchsklassen Nicht-Haushalte;;Insgesamt;0,1204;EUR/kWh;PRE061;Strompreise für Nicht-Haushalte;e
61243;Durchschnittspreise für Strom und Gas;JAHR;Jahr;2022;DINSG;Deutschland insgesamt;DG;Deutschland;PREKO1;Preisbestandteile;ENR-VTB;Energie und Vertrieb;VBRST2;Strom-Jahresverbrauchsklassen Nicht-Haushalte;NHH-STR-IA;unter 20 MWh;0,1226;EUR/kWh;PRE061;Strompreise für Nicht-Haushalte;e
61243;Durchschnittspreise für Strom und Gas;JAHR;Jahr;2022;DINSG;Deutschland insgesamt;DG;Deutschland;PREKO1;Preisbestandteile;STR-ABG-UML;Steuern, Abgaben und Umlagen;VBRST2;Strom-Jahresverbrauchsklassen Nicht-Haushalte;NHH-STR-ID;2 000 bis unter 20 000 MWh;0,0846;EUR/kWh;PRE061;Strompreise für Nicht-Haushalte;e
61243;Durchschnittspreise für Strom und Gas;JAHR;Jahr;2022;DINSG;Deutschland insgesamt;DG;Deutschland;PREKO1;Preisbestandteile;KOS-NETZ;Netzkosten;VBRST2;Strom-Jahresverbrauchsklassen Nicht-Haushalte;NHH-STR-IG;150 000 MWh und mehr;0,0129;EUR/kWh;PRE061;Strompreise für Nicht-Haushalte;e
61243;Durchschnittspreise für Strom und Gas;JAHR;Jahr;2021;DINSG;Deutschland insgesamt;DG;Deutschland;PREKO1;Preisbestandteile;KOS-NETZ;Netzkosten;VBRST2;Strom-Jahresverbrauchsklassen Nicht-Haushalte;;Insgesamt;0,0317;EUR/kWh;PRE061;Strompreise für Nicht-Haushalte;e
61243;Durchschnittspreise für Strom und Gas;JAHR;Jahr;2022;DINSG;Deutschland insgesamt;DG;Deutschland;PREKO1;Preisbestandteile;ENR-VTB;Energie und Vertrieb;VBRST2;Strom-Jahresverbrauchsklassen Nicht-Haushalte;NHH-STR-IE;20 000 bis unter 70 000 MWh;0,1318;EUR/kWh;PRE061;Strompreise für Nicht-Haushalte;e
61243;Durchschnittspreise für Strom und Gas;JAHR;Jahr;2022;DINSG;Deutschland insgesamt;DG;Deutschland;PREKO1;Preisbestandteile;KOS-NETZ;Netzkosten;VBRST2;Strom-Jahresverbrauchsklassen Nicht-Haushalte;NHH-STR-IC;500 bis unter 2 000 MWh;0,0454;EUR/kWh;PRE061;Strompreise für Nicht-Haushalte;e
61243;Durchschnittspreise für Strom und Gas;JAHR;Jahr;2020;DINSG;Deutschland insgesamt;DG;Deutschland;PREKO1;Preisbestandteile;KOS-NETZ;Netzkosten;VBRST2;Strom-Jahresverbrauchsklassen Nicht-Haushalte;NHH-STR-IF;70 000 bis unter 150 000 MWh;0,0153;EUR/kWh;PRE061;Strompreise für Nicht-Haushalte;e
61243;Durchschnittspreise für Strom und Gas;JAHR;Jahr;2023;DINSG;Deutschland insgesamt;DG;Deutschland;PREKO1;Preisbestandteile;ENR-VTB;Energie und Vertrieb;VBRST2;Strom-Jahresverbrauchsklassen Nicht-Haushalte;NHH-STR-IF;70 000 bis unter 150 000 MWh;0,1312;EUR/kWh;PRE061;Strompreise für Nicht-Haushalte;e
61243;Durchschnittspreise für Strom und Gas;JAHR;Jahr;2019;DINSG;Deutschland insgesamt;DG;Deutschland;PREKO1;Preisbestandteile;KOS-NETZ;Netzkosten;VBRST2;Strom-Jahresverbrauchsklassen Nicht-Haushalte;NHH-STR-IF;70 000 bis unter 150 000 MWh;0,0142;EUR/kWh;PRE061;Strompreise für Nicht-Haushalte;e
61243;Durchschnittspreise für Strom und Gas;JAHR;Jahr;2021;DINSG;Deutschland insgesamt;DG;Deutschland;PREKO1;Preisbestandteile;KOS-NETZ;Netzkosten;VBRST2;Strom-Jahresverbrauchsklassen Nicht-Haushalte;NHH-STR-IB;20 bis unter 500 MWh;0,0542;EUR/kWh;PRE061;Strompreise für Nicht-Haushalte;e
61243;Durchschnittspreise für Strom und Gas;JAHR;Jahr;2023;DINSG;Deutschland insgesamt;DG;Deutschland;PREKO1;Preisbestandteile;ENR-VTB;Energie und Vertrieb;VBRST2;Strom-Jahresverbrauchsklassen Nicht-Haushalte;NHH-STR-IB;20 bis unter 500 MWh;0,1446;EUR/kWh;PRE061;Strompreise für Nicht-Haushalte;e
61243;Durchschnittspreise für Strom und Gas;JAHR;Jahr;2019;DINSG;Deutschland insgesamt;DG;Deutschland;PREKO1;Preisbestandteile;KOS-NETZ;Netzkosten;VBRST2;Strom-Jahresverbrauchsklassen Nicht-Haushalte;NHH-STR-IB;20 bis unter 500 MWh;0,0524;EUR/kWh;PRE061;Strompreise für Nicht-Haushalte;e
61243;Durchschnittspreise für Strom und Gas;JAHR;Jahr;2024;DINSG;Deutschland insgesamt;DG;Deutschland;PREKO1;Preisbestandteile;KOS-NETZ;Netzkosten;VBRST2;Strom-Jahresverbrauchsklassen Nicht-Haushalte;NHH-STR-ID;2 000 bis unter 20 000 MWh;0,0543;EUR/kWh;PRE061;Strompreise für Nicht-Haushalte;e
61243;Durchschnittspreise für Strom und Gas;JAHR;Jahr;2024;DINSG;Deutschland insgesamt;DG;Deutschland;PREKO1;Preisbestandteile;STR-ABG-UML;Steuern, Abgaben und Umlagen;VBRST2;Strom-Jahresverbrauchsklassen Nicht-Haushalte;;Insgesamt;0,0729;EUR/kWh;PRE061;Strompreise für Nicht-Haushalte;e
61243;Durchschnittspreise für Strom und Gas;JAHR;Jahr;2024;DINSG;Deutschland insgesamt;DG;Deutschland;PREKO1;Preisbestandteile;ENR-VTB;Energie und Vertrieb;VBRST2;Strom-Jahresverbrauchsklassen Nicht-Haushalte;NHH-STR-IF;70 000 bis unter 150 000 MWh;0,1006;EUR/kWh;PRE061;Strompreise für Nicht-Haushalte;e
61243;Durchschnittspreise für Strom und Gas;JAHR;Jahr;2020;DINSG;Deutschland insgesamt;DG;Deutschland;PREKO1;Preisbestandteile;ENR-VTB;Energie und Vertrieb;VBRST2;Strom-Jahresverbrauchsklassen Nicht-Haushalte;NHH-STR-IG;150 000 MWh und mehr;0,0293;EUR/kWh;PRE061;Strompreise für Nicht-Haushalte;e
61243;Durchschnittspreise für Strom und Gas;JAHR;Jahr;2023;DINSG;Deutschland insgesamt;DG;Deutschland;PREKO1;Preisbestandteile;ENR-VTB;Energie und Vertrieb;VBRST2;Strom-Jahresverbrauchsklassen Nicht-Haushalte;;Insgesamt;0,1381;EUR/kWh;PRE061;Strompreise für Nicht-Haushalte;e
61243;Durchschnittspreise für Strom und Gas;JAHR;Jahr;2024;DINSG;Deutschland insgesamt;DG;Deutschland;PREKO1;Preisbestandteile;STR-ABG-UML;Steuern, Abgaben und Umlagen;VBRST2;Strom-Jahresverbrauchsklassen Nicht-Haushalte;NHH-STR-IA;unter 20 MWh;0,1132;EUR/kWh;PRE061;Strompreise für Nicht-Haushalte;e
61243;Durchschnittspreise für Strom und Gas;JAHR;Jahr;2020;DINSG;Deutschland insgesamt;DG;Deutschland;PREKO1;Preisbestandteile;STR-ABG-UML;Steuern, Abgaben und Umlagen;VBRST2;Strom-Jahresverbrauchsklassen Nicht-Haushalte;NHH-STR-ID;2 000 bis unter 20 000 MWh;0,1192;EUR/kWh;PRE061;Strompreise für Nicht-Haushalte;e
61243;Durchschnittspreise für Strom und Gas;JAHR;Jahr;2023;DINSG;Deutschland insgesamt;DG;Deutschland;PREKO1;Preisbestandteile;STR-ABG-UML;Steuern, Abgaben und Umlagen;VBRST2;Strom-Jahresverbrauchsklassen Nicht-Haushalte;NHH-STR-IE;20 000 bis unter 70 000 MWh;0,0703;EUR/kWh;PRE061;Strompreise für Nicht-Haushalte;e
61243;Durchschnittspreise für Strom und Gas;JAHR;Jahr;2023;DINSG;Deutschland insgesamt;DG;Deutschland;PREKO1;Preisbestandteile;KOS-NETZ;Netzkosten;VBRST2;Strom-Jahresverbrauchsklassen Nicht-Haushalte;NHH-STR-IF;70 000 bis unter 150 000 MWh;0,0208;EUR/kWh;PRE061;Strompreise für Nicht-Haushalte;e
61243;Durchschnittspreise für Strom und Gas;JAHR;Jahr;2021;DINSG;Deutschland insgesamt;DG;Deutschland;PREKO1;Preisbestandteile;KOS-NETZ;Netzkosten;VBRST2;Strom-Jahresverbrauchsklassen Nicht-Haushalte;NHH-STR-IG;150 000 MWh und mehr;0,0099;EUR/kWh;PRE061;Strompreise für Nicht-Haushalte;e
61243;Durchschnittspreise für Strom und Gas;JAHR;Jahr;2020;DINSG;Deutschland insgesamt;DG;Deutschland;PREKO1;Preisbestandteile;ENR-VTB;Energie und Vertrieb;VBRST2;Strom-Jahresverbrauchsklassen Nicht-Haushalte;NHH-STR-IC;500 bis unter 2 000 MWh;0,0423;EUR/kWh;PRE061;Strompreise für Nicht-Haushalte;e
61243;Durchschnittspreise für Strom und Gas;JAHR;Jahr;2025;DINSG;Deutschland insgesamt;DG;Deutschland;PREKO1;Preisbestandteile;ENR-VTB;Energie und Vertrieb;VBRST2;Strom-Jahresverbrauchsklassen Nicht-Haushalte;NHH-STR-ID;2 000 bis unter 20 000 MWh;0,1052;EUR/kWh;PRE061;Strompreise für Nicht-Haushalte;e
61243;Durchschnittspreise für Strom und Gas;JAHR;Jahr;2023;DINSG;Deutschland insgesamt;DG;Deutschland;PREKO1;Preisbestandteile;STR-ABG-UML;Steuern, Abgaben und Umlagen;VBRST2;Strom-Jahresverbrauchsklassen Nicht-Haushalte;NHH-STR-IA;unter 20 MWh;0,1101;EUR/kWh;PRE061;Strompreise für Nicht-Haushalte;e
61243;Durchschnittspreise für Strom und Gas;JAHR;Jahr;2023;DINSG;Deutschland insgesamt;DG;Deutschland;PREKO1;Preisbestandteile;KOS-NETZ;Netzkosten;VBRST2;Strom-Jahresverbrauchsklassen Nicht-Haushalte;NHH-STR-IB;20 bis unter 500 MWh;0,0679;EUR/kWh;PRE061;Strompreise für Nicht-Haushalte;e
61243;Durchschnittspreise für Strom und Gas;JAHR;Jahr;2021;DINSG;Deutschland insgesamt;DG;Deutschland;PREKO1;Preisbestandteile;KOS-NETZ;Netzkosten;VBRST2;Strom-Jahresverbrauchsklassen Nicht-Haushalte;NHH-STR-IC;500 bis unter 2 000 MWh;0,0439;EUR/kWh;PRE061;Strompreise für Nicht-Haushalte;e
61243;Durchschnittspreise für Strom und Gas;JAHR;Jahr;2020;DINSG;Deutschland insgesamt;DG;Deutschland;PREKO1;Preisbestandteile;KOS-NETZ;Netzkosten;VBRST2;Strom-Jahresverbrauchsklassen Nicht-Haushalte;NHH-STR-IC;500 bis unter 2 000 MWh;0,0443;EUR/kWh;PRE061;Strompreise für Nicht-Haushalte;e
61243;Durchschnittspreise für Strom und Gas;JAHR;Jahr;2025;DINSG;Deutschland insgesamt;DG;Deutschland;PREKO1;Preisbestandteile;KOS-NETZ;Netzkosten;VBRST2;Strom-Jahresverbrauchsklassen Nicht-Haushalte;NHH-STR-IA;unter 20 MWh;0,1095;EUR/kWh;PRE061;Strompreise für Nicht-Haushalte;e
61243;Durchschnittspreise für Strom und Gas;JAHR;Jahr;2022;DINSG;Deutschland insgesamt;DG;Deutschland;PREKO1;Preisbestandteile;KOS-NETZ;Netzkosten;VBRST2;Strom-Jahresverbrauchsklassen Nicht-Haushalte;;Insgesamt;0,0349;EUR/kWh;PRE061;Strompreise für Nicht-Haushalte;e
61243;Durchschnittspreise für Strom und Gas;JAHR;Jahr;2025;DINSG;Deutschland insgesamt;DG;Deutschland;PREKO1;Preisbestandteile;KOS-NETZ;Netzkosten;VBRST2;Strom-Jahresverbrauchsklassen Nicht-Haushalte;NHH-STR-IE;20 000 bis unter 70 000 MWh;0,0375;EUR/kWh;PRE061;Strompreise für Nicht-Haushalte;e
61243;Durchschnittspreise für Strom und Gas;JAHR;Jahr;2019;DINSG;Deutschland insgesamt;DG;Deutschland;PREKO1;Preisbestandteile;STR-ABG-UML;Steuern, Abgaben und Umlagen;VBRST2;Strom-Jahresverbrauchsklassen Nicht-Haushalte;NHH-STR-IE;20 000 bis unter 70 000 MWh;0,0966;EUR/kWh;PRE061;Strompreise für Nicht-Haushalte;e
61243;Durchschnittspreise für Strom und Gas;JAHR;Jahr;2021;DINSG;Deutschland insgesamt;DG;Deutschland;PREKO1;Preisbestandteile;ENR-VTB;Energie und Vertrieb;VBRST2;Strom-Jahresverbrauchsklassen Nicht-Haushalte;NHH-STR-IA;unter 20 MWh;0,0707;EUR/kWh;PRE061;Strompreise für Nicht-Haushalte;e
61243;Durchschnittspreise für Strom und Gas;JAHR;Jahr;2024;DINSG;Deutschland insgesamt;DG;Deutschland;PREKO1;Preisbestandteile;STR-ABG-UML;Steuern, Abgaben und Umlagen;VBRST2;Strom-Jahresverbrauchsklassen Nicht-Haushalte;NHH-STR-IE;20 000 bis unter 70 000 MWh;0,0645;EUR/kWh;PRE061;Strompreise für Nicht-Haushalte;e
61243;Durchschnittspreise für Strom und Gas;JAHR;Jahr;2019;DINSG;Deutschland insgesamt;DG;Deutschland;PREKO1;Preisbestandteile;STR-ABG-UML;Steuern, Abgaben und Umlagen;VBRST2;Strom-Jahresverbrauchsklassen Nicht-Haushalte;NHH-STR-IA;unter 20 MWh;0,1517;EUR/kWh;PRE061;Strompreise für Nicht-Haushalte;e
61243;Durchschnittspreise für Strom und Gas;JAHR;Jahr;2021;DINSG;Deutschland insgesamt;DG;Deutschland;PREKO1;Preisbestandteile;STR-ABG-UML;Steuern, Abgaben und Umlagen;VBRST2;Strom-Jahresverbrauchsklassen Nicht-Haushalte;NHH-STR-ID;2 000 bis unter 20 000 MWh;0,1177;EUR/kWh;PRE061;Strompreise für Nicht-Haushalte;e
61243;Durchschnittspreise für Strom und Gas;JAHR;Jahr;2021;DINSG;Deutschland insgesamt;DG;Deutschland;PREKO1;Preisbestandteile;ENR-VTB;Energie und Vertrieb;VBRST2;Strom-Jahresverbrauchsklassen Nicht-Haushalte;NHH-STR-IE;20 000 bis unter 70 000 MWh;0,0502;EUR/kWh;PRE061;Strompreise für Nicht-Haushalte;e
61243;Durchschnittspreise für Strom und Gas;JAHR;Jahr;2019;DINSG;Deutschland insgesamt;DG;Deutschland;PREKO1;Preisbestandteile;ENR-VTB;Energie und Vertrieb;VBRST2;Strom-Jahresverbrauchsklassen Nicht-Haushalte;NHH-STR-IG;150 000 MWh und mehr;0,0236;EUR/kWh;PRE061;Strompreise für Nicht-Haushalte;e
61243;Durchschnittspreise für Strom und Gas;JAHR;Jahr;2023;DINSG;Deutschland insgesamt;DG;Deutschland;PREKO1;Preisbestandteile;STR-ABG-UML;Steuern, Abgaben und Umlagen;VBRST2;Strom-Jahresverbrauchsklassen Nicht-Haushalte;;Insgesamt;0,0760;EUR/kWh;PRE061;Strompreise für Nicht-Haushalte;e
61243;Durchschnittspreise für Strom und Gas;JAHR;Jahr;2025;DINSG;Deutschland insgesamt;DG;Deutschland;PREKO1;Preisbestandteile;STR-ABG-UML;Steuern, Abgaben und Umlagen;VBRST2;Strom-Jahresverbrauchsklassen Nicht-Haushalte;NHH-STR-IE;20 000 bis unter 70 000 MWh;0,0654;EUR/kWh;PRE061;Strompreise für Nicht-Haushalte;e
61243;Durchschnittspreise für Strom und Gas;JAHR;Jahr;2022;DINSG;Deutschland insgesamt;DG;Deutschland;PREKO1;Preisbestandteile;STR-ABG-UML;Steuern, Abgaben und Umlagen;VBRST2;Strom-Jahresverbrauchsklassen Nicht-Haushalte;NHH-STR-IA;unter 20 MWh;0,1175;EUR/kWh;PRE061;Strompreise für Nicht-Haushalte;e
61243;Durchschnittspreise für Strom und Gas;JAHR;Jahr;2019;DINSG;Deutschland insgesamt;DG;Deutschland;PREKO1;Preisbestandteile;ENR-VTB;Energie und Vertrieb;VBRST2;Strom-Jahresverbrauchsklassen Nicht-Haushalte;NHH-STR-IC;500 bis unter 2 000 MWh;0,0304;EUR/kWh;PRE061;Strompreise für Nicht-Haushalte;e
61243;Durchschnittspreise für Strom und Gas;JAHR;Jahr;2022;DINSG;Deutschland insgesamt;DG;Deutschland;PREKO1;Preisbestandteile;ENR-VTB;Energie und Vertrieb;VBRST2;Strom-Jahresverbrauchsklassen Nicht-Haushalte;NHH-STR-IB;20 bis unter 500 MWh;0,1146;EUR/kWh;PRE061;Strompreise für Nicht-Haushalte;e
61243;Durchschnittspreise für Strom und Gas;JAHR;Jahr;2022;DINSG;Deutschland insgesamt;DG;Deutschland;PREKO1;Preisbestandteile;STR-ABG-UML;Steuern, Abgaben und Umlagen;VBRST2;Strom-Jahresverbrauchsklassen Nicht-Haushalte;NHH-STR-IE;20 000 bis unter 70 000 MWh;0,0795;EUR/kWh;PRE061;Strompreise für Nicht-Haushalte;e
61243;Durchschnittspreise für Strom und Gas;JAHR;Jahr;2022;DINSG;Deutschland insgesamt;DG;Deutschland;PREKO1;Preisbestandteile;KOS-NETZ;Netzkosten;VBRST2;Strom-Jahresverbrauchsklassen Nicht-Haushalte;NHH-STR-IF;70 000 bis unter 150 000 MWh;0,0137;EUR/kWh;PRE061;Strompreise für Nicht-Haushalte;e
61243;Durchschnittspreise für Strom und Gas;JAHR;Jahr;2022;DINSG;Deutschland insgesamt;DG;Deutschland;PREKO1;Preisbestandteile;ENR-VTB;Energie und Vertrieb;VBRST2;Strom-Jahresverbrauchsklassen Nicht-Haushalte;NHH-STR-IF;70 000 bis unter 150 000 MWh;0,1306;EUR/kWh;PRE061;Strompreise für Nicht-Haushalte;e
61243;Durchschnittspreise für Strom und Gas;JAHR;Jahr;2022;DINSG;Deutschland insgesamt;DG;Deutschland;PREKO1;Preisbestandteile;KOS-NETZ;Netzkosten;VBRST2;Strom-Jahresverbrauchsklassen Nicht-Haushalte;NHH-STR-IB;20 bis unter 500 MWh;0,0577;EUR/kWh;PRE061;Strompreise für Nicht-Haushalte;e
61243;Durchschnittspreise für Strom und Gas;JAHR;Jahr;2020;DINSG;Deutschland insgesamt;DG;Deutschland;PREKO1;Preisbestandteile;KOS-NETZ;Netzkosten;VBRST2;Strom-Jahresverbrauchsklassen Nicht-Haushalte;NHH-STR-IG;150 000 MWh und mehr;0,0072;EUR/kWh;PRE061;Strompreise für Nicht-Haushalte;e
61243;Durchschnittspreise für Strom und Gas;JAHR;Jahr;2019;DINSG;Deutschland insgesamt;DG;Deutschland;PREKO1;Preisbestandteile;KOS-NETZ;Netzkosten;VBRST2;Strom-Jahresverbrauchsklassen Nicht-Haushalte;NHH-STR-IG;150 000 MWh und mehr;0,0112;EUR/kWh;PRE061;Strompreise für Nicht-Haushalte;e
61243;Durchschnittspreise für Strom und Gas;JAHR;Jahr;2024;DINSG;Deutschland insgesamt;DG;Deutschland;PREKO1;Preisbestandteile;KOS-NETZ;Netzkosten;VBRST2;Strom-Jahresverbrauchsklassen Nicht-Haushalte;NHH-STR-IA;unter 20 MWh;0,1104;EUR/kWh;PRE061;Strompreise für Nicht-Haushalte;e
61243;Durchschnittspreise für Strom und Gas;JAHR;Jahr;2025;DINSG;Deutschland insgesamt;DG;Deutschland;PREKO1;Preisbestandteile;ENR-VTB;Energie und Vertrieb;VBRST2;Strom-Jahresverbrauchsklassen Nicht-Haushalte;NHH-STR-IC;500 bis unter 2 000 MWh;0,1116;EUR/kWh;PRE061;Strompreise für Nicht-Haushalte;e
61243;Durchschnittspreise für Strom und Gas;JAHR;Jahr;2019;DINSG;Deutschland insgesamt;DG;Deutschland;PREKO1;Preisbestandteile;KOS-NETZ;Netzkosten;VBRST2;Strom-Jahresverbrauchsklassen Nicht-Haushalte;NHH-STR-IC;500 bis unter 2 000 MWh;0,0414;EUR/kWh;PRE061;Strompreise für Nicht-Haushalte;e
61243;Durchschnittspreise für Strom und Gas;JAHR;Jahr;2024;DINSG;Deutschland insgesamt;DG;Deutschland;PREKO1;Preisbestandteile;KOS-NETZ;Netzkosten;VBRST2;Strom-Jahresverbrauchsklassen Nicht-Haushalte;NHH-STR-IE;20 000 bis unter 70 000 MWh;0,0397;EUR/kWh;PRE061;Strompreise für Nicht-Haushalte;e
61243;Durchschnittspreise für Strom und Gas;JAHR;Jahr;2023;DINSG;Deutschland insgesamt;DG;Deutschland;PREKO1;Preisbestandteile;ENR-VTB;Energie und Vertrieb;VBRST2;Strom-Jahresverbrauchsklassen Nicht-Haushalte;NHH-STR-IE;20 000 bis unter 70 000 MWh;0,1369;EUR/kWh;PRE061;Strompreise für Nicht-Haushalte;e
61243;Durchschnittspreise für Strom und Gas;JAHR;Jahr;2025;DINSG;Deutschland insgesamt;DG;Deutschland;PREKO1;Preisbestandteile;STR-ABG-UML;Steuern, Abgaben und Umlagen;VBRST2;Strom-Jahresverbrauchsklassen Nicht-Haushalte;NHH-STR-IA;unter 20 MWh;0,1238;EUR/kWh;PRE061;Strompreise für Nicht-Haushalte;e
61243;Durchschnittspreise für Strom und Gas;JAHR;Jahr;2024;DINSG;Deutschland insgesamt;DG;Deutschland;PREKO1;Preisbestandteile;ENR-VTB;Energie und Vertrieb;VBRST2;Strom-Jahresverbrauchsklassen Nicht-Haushalte;NHH-STR-IB;20 bis unter 500 MWh;0,1440;EUR/kWh;PRE061;Strompreise für Nicht-Haushalte;e
61243;Durchschnittspreise für Strom und Gas;JAHR;Jahr;2025;DINSG;Deutschland insgesamt;DG;Deutschland;PREKO1;Preisbestandteile;ENR-VTB;Energie und Vertrieb;VBRST2;Strom-Jahresverbrauchsklassen Nicht-Haushalte;;Insgesamt;0,1067;EUR/kWh;PRE061;Strompreise für Nicht-Haushalte;e
61243;Durchschnittspreise für Strom und Gas;JAHR;Jahr;2024;DINSG;Deutschland insgesamt;DG;Deutschland;PREKO1;Preisbestandteile;ENR-VTB;Energie und Vertrieb;VBRST2;Strom-Jahresverbrauchsklassen Nicht-Haushalte;NHH-STR-IE;20 000 bis unter 70 000 MWh;0,1098;EUR/kWh;PRE061;Strompreise für Nicht-Haushalte;e
61243;Durchschnittspreise für Strom und Gas;JAHR;Jahr;2020;DINSG;Deutschland insgesamt;DG;Deutschland;PREKO1;Preisbestandteile;STR-ABG-UML;Steuern, Abgaben und Umlagen;VBRST2;Strom-Jahresverbrauchsklassen Nicht-Haushalte;NHH-STR-IE;20 000 bis unter 70 000 MWh;0,1043;EUR/kWh;PRE061;Strompreise für Nicht-Haushalte;e
61243;Durchschnittspreise für Strom und Gas;JAHR;Jahr;2020;DINSG;Deutschland insgesamt;DG;Deutschland;PREKO1;Preisbestandteile;ENR-VTB;Energie und Vertrieb;VBRST2;Strom-Jahresverbrauchsklassen Nicht-Haushalte;NHH-STR-ID;2 000 bis unter 20 000 MWh;0,0380;EUR/kWh;PRE061;Strompreise für Nicht-Haushalte;e
61243;Durchschnittspreise für Strom und Gas;JAHR;Jahr;2023;DINSG;Deutschland insgesamt;DG;Deutschland;PREKO1;Preisbestandteile;KOS-NETZ;Netzkosten;VBRST2;Strom-Jahresverbrauchsklassen Nicht-Haushalte;NHH-STR-IE;20 000 bis unter 70 000 MWh;0,0267;EUR/kWh;PRE061;Strompreise für Nicht-Haushalte;e
61243;Durchschnittspreise für Strom und Gas;JAHR;Jahr;2023;DINSG;Deutschland insgesamt;DG;Deutschland;PREKO1;Preisbestandteile;STR-ABG-UML;Steuern, Abgaben und Umlagen;VBRST2;Strom-Jahresverbrauchsklassen Nicht-Haushalte;NHH-STR-ID;2 000 bis unter 20 000 MWh;0,0743;EUR/kWh;PRE061;Strompreise für Nicht-Haushalte;e
61243;Durchschnittspreise für Strom und Gas;JAHR;Jahr;2020;DINSG;Deutschland insgesamt;DG;Deutschland;PREKO1;Preisbestandteile;STR-ABG-UML;Steuern, Abgaben und Umlagen;VBRST2;Strom-Jahresverbrauchsklassen Nicht-Haushalte;NHH-STR-IA;unter 20 MWh;0,1544;EUR/kWh;PRE061;Strompreise für Nicht-Haushalte;e
61243;Durchschnittspreise für Strom und Gas;JAHR;Jahr;2025;DINSG;Deutschland insgesamt;DG;Deutschland;PREKO1;Preisbestandteile;ENR-VTB;Energie und Vertrieb;VBRST2;Strom-Jahresverbrauchsklassen Nicht-Haushalte;NHH-STR-IG;150 000 MWh und mehr;0,0899;EUR/kWh;PRE061;Strompreise für Nicht-Haushalte;e
61243;Durchschnittspreise für Strom und Gas;JAHR;Jahr;2023;DINSG;Deutschland insgesamt;DG;Deutschland;PREKO1;Preisbestandteile;KOS-NETZ;Netzkosten;VBRST2;Strom-Jahresverbrauchsklassen Nicht-Haushalte;NHH-STR-IA;unter 20 MWh;0,0911;EUR/kWh;PRE061;Strompreise für Nicht-Haushalte;e
61243;Durchschnittspreise für Strom und Gas;JAHR;Jahr;2021;DINSG;Deutschland insgesamt;DG;Deutschland;PREKO1;Preisbestandteile;KOS-NETZ;Netzkosten;VBRST2;Strom-Jahresverbrauchsklassen Nicht-Haushalte;NHH-STR-ID;2 000 bis unter 20 000 MWh;0,0310;EUR/kWh;PRE061;Strompreise für Nicht-Haushalte;e
61243;Durchschnittspreise für Strom und Gas;JAHR;Jahr;2021;DINSG;Deutschland insgesamt;DG;Deutschland;PREKO1;Preisbestandteile;STR-ABG-UML;Steuern, Abgaben und Umlagen;VBRST2;Strom-Jahresverbrauchsklassen Nicht-Haushalte;NHH-STR-IG;150 000 MWh und mehr;0,0753;EUR/kWh;PRE061;Strompreise für Nicht-Haushalte;e
61243;Durchschnittspreise für Strom und Gas;JAHR;Jahr;2022;DINSG;Deutschland insgesamt;DG;Deutschland;PREKO1;Preisbestandteile;KOS-NETZ;Netzkosten;VBRST2;Strom-Jahresverbrauchsklassen Nicht-Haushalte;NHH-STR-IA;unter 20 MWh;0,0775;EUR/kWh;PRE061;Strompreise für Nicht-Haushalte;e
61243;Durchschnittspreise für Strom und Gas;JAHR;Jahr;2025;DINSG;Deutschland insgesamt;DG;Deutschland;PREKO1;Preisbestandteile;KOS-NETZ;Netzkosten;VBRST2;Strom-Jahresverbrauchsklassen Nicht-Haushalte;NHH-STR-IB;20 bis unter 500 MWh;0,0864;EUR/kWh;PRE061;Strompreise für Nicht-Haushalte;e
61243;Durchschnittspreise für Strom und Gas;JAHR;Jahr;2025;DINSG;Deutschland insgesamt;DG;Deutschland;PREKO1;Preisbestandteile;KOS-NETZ;Netzkosten;VBRST2;Strom-Jahresverbrauchsklassen Nicht-Haushalte;NHH-STR-IF;70 000 bis unter 150 000 MWh;0,0294;EUR/kWh;PRE061;Strompreise für Nicht-Haushalte;e
61243;Durchschnittspreise für Strom und Gas;JAHR;Jahr;2021;DINSG;Deutschland insgesamt;DG;Deutschland;PREKO1;Preisbestandteile;ENR-VTB;Energie und Vertrieb;VBRST2;Strom-Jahresverbrauchsklassen Nicht-Haushalte;NHH-STR-IB;20 bis unter 500 MWh;0,0517;EUR/kWh;PRE061;Strompreise für Nicht-Haushalte;e
61243;Durchschnittspreise für Strom und Gas;JAHR;Jahr;2019;DINSG;Deutschland insgesamt;DG;Deutschland;PREKO1;Preisbestandteile;STR-ABG-UML;Steuern, Abgaben und Umlagen;VBRST2;Strom-Jahresverbrauchsklassen Nicht-Haushalte;NHH-STR-IF;70 000 bis unter 150 000 MWh;0,0831;EUR/kWh;PRE061;Strompreise für Nicht-Haushalte;e
61243;Durchschnittspreise für Strom und Gas;JAHR;Jahr;2024;DINSG;Deutschland insgesamt;DG;Deutschland;PREKO1;Preisbestandteile;STR-ABG-UML;Steuern, Abgaben und Umlagen;VBRST2;Strom-Jahresverbrauchsklassen Nicht-Haushalte;NHH-STR-ID;2 000 bis unter 20 000 MWh;0,0739;EUR/kWh;PRE061;Strompreise für Nicht-Haushalte;e
61243;Durchschnittspreise für Strom und Gas;JAHR;Jahr;2021;DINSG;Deutschland insgesamt;DG;Deutschland;PREKO1;Preisbestandteile;STR-ABG-UML;Steuern, Abgaben und Umlagen;VBRST2;Strom-Jahresverbrauchsklassen Nicht-Haushalte;NHH-STR-IC;500 bis unter 2 000 MWh;0,1331;EUR/kWh;PRE061;Strompreise für Nicht-Haushalte;e
61243;Durchschnittspreise für Strom und Gas;JAHR;Jahr;2021;DINSG;Deutschland insgesamt;DG;Deutschland;PREKO1;Preisbestandteile;ENR-VTB;Energie und Vertrieb;VBRST2;Strom-Jahresverbrauchsklassen Nicht-Haushalte;NHH-STR-IF;70 000 bis unter 150 000 MWh;0,0490;EUR/kWh;PRE061;Strompreise für Nicht-Haushalte;e
61243;Durchschnittspreise für Strom und Gas;JAHR;Jahr;2019;DINSG;Deutschland insgesamt;DG;Deutschland;PREKO1;Preisbestandteile;STR-ABG-UML;Steuern, Abgaben und Umlagen;VBRST2;Strom-Jahresverbrauchsklassen Nicht-Haushalte;NHH-STR-IB;20 bis unter 500 MWh;0,1361;EUR/kWh;PRE061;Strompreise für Nicht-Haushalte;e
61243;Durchschnittspreise für Strom und Gas;JAHR;Jahr;2025;DINSG;Deutschland insgesamt;DG;Deutschland;PREKO1;Preisbestandteile;STR-ABG-UML;Steuern, Abgaben und Umlagen;VBRST2;Strom-Jahresverbrauchsklassen Nicht-Haushalte;;Insgesamt;0,0766;EUR/kWh;PRE061;Strompreise für Nicht-Haushalte;e
61243;Durchschnittspreise für Strom und Gas;JAHR;Jahr;2025;DINSG;Deutschland insgesamt;DG;Deutschland;PREKO1;Preisbestandteile;STR-ABG-UML;Steuern, Abgaben und Umlagen;VBRST2;Strom-Jahresverbrauchsklassen Nicht-Haushalte;NHH-STR-IF;70 000 bis unter 150 000 MWh;0,0589;EUR/kWh;PRE061;Strompreise für Nicht-Haushalte;e
61243;Durchschnittspreise für Strom und Gas;JAHR;Jahr;2022;DINSG;Deutschland insgesamt;DG;Deutschland;PREKO1;Preisbestandteile;STR-ABG-UML;Steuern, Abgaben und Umlagen;VBRST2;Strom-Jahresverbrauchsklassen Nicht-Haushalte;NHH-STR-IB;20 bis unter 500 MWh;0,1008;EUR/kWh;PRE061;Strompreise für Nicht-Haushalte;e
61243;Durchschnittspreise für Strom und Gas;JAHR;Jahr;2019;DINSG;Deutschland insgesamt;DG;Deutschland;PREKO1;Preisbestandteile;ENR-VTB;Energie und Vertrieb;VBRST2;Strom-Jahresverbrauchsklassen Nicht-Haushalte;NHH-STR-IF;70 000 bis unter 150 000 MWh;0,0306;EUR/kWh;PRE061;Strompreise für Nicht-Haushalte;e
61243;Durchschnittspreise für Strom und Gas;JAHR;Jahr;2022;DINSG;Deutschland insgesamt;DG;Deutschland;PREKO1;Preisbestandteile;STR-ABG-UML;Steuern, Abgaben und Umlagen;VBRST2;Strom-Jahresverbrauchsklassen Nicht-Haushalte;NHH-STR-IF;70 000 bis unter 150 000 MWh;0,0807;EUR/kWh;PRE061;Strompreise für Nicht-Haushalte;e
61243;Durchschnittspreise für Strom und Gas;JAHR;Jahr;2019;DINSG;Deutschland insgesamt;DG;Deutschland;PREKO1;Preisbestandteile;ENR-VTB;Energie und Vertrieb;VBRST2;Strom-Jahresverbrauchsklassen Nicht-Haushalte;NHH-STR-IB;20 bis unter 500 MWh;0,0347;EUR/kWh;PRE061;Strompreise für Nicht-Haushalte;e
61243;Durchschnittspreise für Strom und Gas;JAHR;Jahr;2022;DINSG;Deutschland insgesamt;DG;Deutschland;PREKO1;Preisbestandteile;ENR-VTB;Energie und Vertrieb;VBRST2;Strom-Jahresverbrauchsklassen Nicht-Haushalte;NHH-STR-IC;500 bis unter 2 000 MWh;0,1187;EUR/kWh;PRE061;Strompreise für Nicht-Haushalte;e
61243;Durchschnittspreise für Strom und Gas;JAHR;Jahr;2022;DINSG;Deutschland insgesamt;DG;Deutschland;PREKO1;Preisbestandteile;KOS-NETZ;Netzkosten;VBRST2;Strom-Jahresverbrauchsklassen Nicht-Haushalte;NHH-STR-IE;20 000 bis unter 70 000 MWh;0,0238;EUR/kWh;PRE061;Strompreise für Nicht-Haushalte;e
61243;Durchschnittspreise für Strom und Gas;JAHR;Jahr;2020;DINSG;Deutschland insgesamt;DG;Deutschland;PREKO1;Preisbestandteile;KOS-NETZ;Netzkosten;VBRST2;Strom-Jahresverbrauchsklassen Nicht-Haushalte;NHH-STR-ID;2 000 bis unter 20 000 MWh;0,0338;EUR/kWh;PRE061;Strompreise für Nicht-Haushalte;e
61243;Durchschnittspreise für Strom und Gas;JAHR;Jahr;2022;DINSG;Deutschland insgesamt;DG;Deutschland;PREKO1;Preisbestandteile;ENR-VTB;Energie und Vertrieb;VBRST2;Strom-Jahresverbrauchsklassen Nicht-Haushalte;NHH-STR-IG;150 000 MWh und mehr;0,1576;EUR/kWh;PRE061;Strompreise für Nicht-Haushalte;e
61243;Durchschnittspreise für Strom und Gas;JAHR;Jahr;2020;DINSG;Deutschland insgesamt;DG;Deutschland;PREKO1;Preisbestandteile;KOS-NETZ;Netzkosten;VBRST2;Strom-Jahresverbrauchsklassen Nicht-Haushalte;;Insgesamt;0,0345;EUR/kWh;PRE061;Strompreise für Nicht-Haushalte;e
61243;Durchschnittspreise für Strom und Gas;JAHR;Jahr;2024;DINSG;Deutschland insgesamt;DG;Deutschland;PREKO1;Preisbestandteile;KOS-NETZ;Netzkosten;VBRST2;Strom-Jahresverbrauchsklassen Nicht-Haushalte;NHH-STR-IB;20 bis unter 500 MWh;0,0867;EUR/kWh;PRE061;Strompreise für Nicht-Haushalte;e
61243;Durchschnittspreise für Strom und Gas;JAHR;Jahr;2025;DINSG;Deutschland insgesamt;DG;Deutschland;PREKO1;Preisbestandteile;ENR-VTB;Energie und Vertrieb;VBRST2;Strom-Jahresverbrauchsklassen Nicht-Haushalte;NHH-STR-IB;20 bis unter 500 MWh;0,1245;EUR/kWh;PRE061;Strompreise für Nicht-Haushalte;e
61243;Durchschnittspreise für Strom und Gas;JAHR;Jahr;2019;DINSG;Deutschland insgesamt;DG;Deutschland;PREKO1;Preisbestandteile;KOS-NETZ;Netzkosten;VBRST2;Strom-Jahresverbrauchsklassen Nicht-Haushalte;NHH-STR-ID;2 000 bis unter 20 000 MWh;0,0313;EUR/kWh;PRE061;Strompreise für Nicht-Haushalte;e
61243;Durchschnittspreise für Strom und Gas;JAHR;Jahr;2024;DINSG;Deutschland insgesamt;DG;Deutschland;PREKO1;Preisbestandteile;KOS-NETZ;Netzkosten;VBRST2;Strom-Jahresverbrauchsklassen Nicht-Haushalte;NHH-STR-IF;70 000 bis unter 150 000 MWh;0,0288;EUR/kWh;PRE061;Strompreise für Nicht-Haushalte;e
61243;Durchschnittspreise für Strom und Gas;JAHR;Jahr;2023;DINSG;Deutschland insgesamt;DG;Deutschland;PREKO1;Preisbestandteile;ENR-VTB;Energie und Vertrieb;VBRST2;Strom-Jahresverbrauchsklassen Nicht-Haushalte;NHH-STR-ID;2 000 bis unter 20 000 MWh;0,1387;EUR/kWh;PRE061;Strompreise für Nicht-Haushalte;e
61243;Durchschnittspreise für Strom und Gas;JAHR;Jahr;2020;DINSG;Deutschland insgesamt;DG;Deutschland;PREKO1;Preisbestandteile;ENR-VTB;Energie und Vertrieb;VBRST2;Strom-Jahresverbrauchsklassen Nicht-Haushalte;;Insgesamt;0,0391;EUR/kWh;PRE061;Strompreise für Nicht-Haushalte;e
61243;Durchschnittspreise für Strom und Gas;JAHR;Jahr;2025;DINSG;Deutschland insgesamt;DG;Deutschland;PREKO1;Preisbestandteile;STR-ABG-UML;Steuern, Abgaben und Umlagen;VBRST2;Strom-Jahresverbrauchsklassen Nicht-Haushalte;NHH-STR-IB;20 bis unter 500 MWh;0,1021;EUR/kWh;PRE061;Strompreise für Nicht-Haushalte;e
61243;Durchschnittspreise für Strom und Gas;JAHR;Jahr;2024;DINSG;Deutschland insgesamt;DG;Deutschland;PREKO1;Preisbestandteile;ENR-VTB;Energie und Vertrieb;VBRST2;Strom-Jahresverbrauchsklassen Nicht-Haushalte;NHH-STR-IA;unter 20 MWh;0,1703;EUR/kWh;PRE061;Strompreise für Nicht-Haushalte;e
