Start date;End date;Germany/Luxembourg [€/MWh] Calculated resolutions;∅ DE/LU neighbours [€/MWh] Calculated resolutions;Belgium [€/MWh] Calculated resolutions;Denmark 1 [€/MWh] Calculated resolutions;Denmark 2 [€/MWh] Calculated resolutions;France [€/MWh] Calculated resolutions;Netherlands [€/MWh] Calculated resolutions;Norway 2 [€/MWh] Calculated resolutions;Austria [€/MWh] Calculated resolutions;Poland [€/MWh] Calculated resolutions;Sweden 4 [€/MWh] Calculated resolutions;Switzerland [€/MWh] Calculated resolutions;Czech Republic [€/MWh] Calculated resolutions;DE/AT/LU [€/MWh] Calculated resolutions;Northern Italy [€/MWh] Calculated resolutions;Slovenia [€/MWh] Calculated resolutions;Hungary [€/MWh] Calculated resolutions
Dec 6, 2023 12:00 AM;Dec 6, 2023 1:00 AM;94.97;96.47;94.97;94.97;97.31;94.97;94.97;97.31;94.97;94.97;97.31;104.45;94.97;-;101.07;94.97;94.97
Dec 6, 2023 1:00 AM;Dec 6, 2023 2:00 AM;93.10;94.24;93.10;93.10;94.85;93.10;93.10;94.85;93.10;93.10;94.85;100.41;93.10;-;99.40;93.10;93.10
Dec 6, 2023 2:00 AM;Dec 6, 2023 3:00 AM;92.57;93.30;92.57;92.57;93.66;92.57;92.57;93.66;92.57;92.57;93.66;97.30;92.57;-;94.18;92.57;92.57
Dec 6, 2023 3:00 AM;Dec 6, 2023 4:00 AM;90.96;92.12;90.96;90.96;93.20;90.96;90.96;93.20;90.96;90.96;93.20;97.05;90.96;-;93.95;90.96;90.96
Dec 6, 2023 4:00 AM;Dec 6, 2023 5:00 AM;90.59;91.72;90.59;90.59;92.82;90.59;90.59;92.82;90.59;90.59;92.82;96.35;90.59;-;91.75;90.59;90.59
Dec 6, 2023 5:00 AM;Dec 6, 2023 6:00 AM;93.89;94.96;93.89;93.89;95.33;93.89;93.89;95.33;93.89;93.89;95.33;101.31;93.89;-;100.30;93.89;93.89
Dec 6, 2023 6:00 AM;Dec 6, 2023 7:00 AM;106.94;108.45;106.84;106.94;106.94;107.03;106.52;103.84;108.20;111.70;106.94;119.78;108.25;-;120.96;108.54;109.29
Dec 6, 2023 7:00 AM;Dec 6, 2023 8:00 AM;133.86;134.78;133.50;133.86;137.15;133.61;132.76;137.15;133.78;131.52;137.15;138.31;133.81;-;133.61;133.77;133.80
Dec 6, 2023 8:00 AM;Dec 6, 2023 9:00 AM;167.00;166.58;167.00;167.00;171.99;167.00;167.00;171.99;167.00;147.38;171.99;167.05;167.00;-;167.00;167.00;167.00
Dec 6, 2023 9:00 AM;Dec 6, 2023 10:00 AM;166.54;166.30;166.54;166.54;171.52;166.54;166.54;171.52;166.54;147.97;171.52;167.54;166.54;-;166.54;166.54;166.54
Dec 6, 2023 10:00 AM;Dec 6, 2023 11:00 AM;150.00;151.84;150.00;150.00;154.48;150.00;150.00;154.48;150.00;148.90;154.48;157.89;150.00;-;150.00;150.00;150.00
Dec 6, 2023 11:00 AM;Dec 6, 2023 12:00 PM;146.29;147.55;146.29;146.29;149.88;146.29;146.29;149.88;146.29;146.29;149.88;149.39;146.29;-;140.00;146.29;146.29
Dec 6, 2023 12:00 PM;Dec 6, 2023 1:00 PM;146.10;142.02;133.01;146.10;149.69;137.17;119.00;149.69;143.80;147.13;149.69;141.85;145.07;-;130.75;143.86;145.05
Dec 6, 2023 1:00 PM;Dec 6, 2023 2:00 PM;141.03;137.09;126.73;141.03;144.50;131.37;109.73;144.50;139.27;144.50;144.50;141.19;140.71;-;131.37;139.49;141.13
Dec 6, 2023 2:00 PM;Dec 6, 2023 3:00 PM;140.50;139.91;135.67;140.50;143.96;137.25;129.89;143.96;140.10;142.29;143.96;140.85;140.60;-;137.25;140.22;140.86
Dec 6, 2023 3:00 PM;Dec 6, 2023 4:00 PM;143.99;145.46;143.99;143.99;147.53;143.99;143.99;147.53;143.99;143.99;147.53;149.51;143.99;-;143.99;143.99;143.99
Dec 6, 2023 4:00 PM;Dec 6, 2023 5:00 PM;164.00;162.80;164.00;164.00;164.00;164.00;164.00;164.00;164.00;151.95;164.00;162.90;164.00;-;164.00;164.00;164.00
Dec 6, 2023 5:00 PM;Dec 6, 2023 6:00 PM;178.07;175.95;178.07;178.07;178.07;178.07;178.07;173.24;178.07;149.01;178.07;188.63;178.07;-;178.07;178.07;178.07
Dec 6, 2023 6:00 PM;Dec 6, 2023 7:00 PM;165.28;164.36;165.28;165.28;165.28;165.28;165.28;160.16;165.28;144.41;165.28;181.14;165.28;-;165.28;165.28;165.28
Dec 6, 2023 7:00 PM;Dec 6, 2023 8:00 PM;149.93;149.41;149.93;149.93;149.93;149.93;149.93;145.58;149.93;139.15;149.93;159.30;149.93;-;149.93;149.93;149.93
Dec 6, 2023 8:00 PM;Dec 6, 2023 9:00 PM;129.91;130.04;129.91;129.91;129.91;129.91;129.91;126.14;129.91;129.91;129.91;135.16;129.91;-;129.91;129.91;129.91
Dec 6, 2023 9:00 PM;Dec 6, 2023 10:00 PM;115.68;115.85;115.68;115.68;115.68;115.68;115.68;112.33;115.68;115.68;115.68;120.86;115.68;-;127.72;115.68;115.68
Dec 6, 2023 10:00 PM;Dec 6, 2023 11:00 PM;107.33;107.49;107.33;107.33;107.33;107.33;107.33;104.00;107.33;107.33;104.75;114.97;107.33;-;123.00;107.33;107.33
Dec 6, 2023 11:00 PM;Dec 7, 2023 12:00 AM;100.44;100.47;100.44;100.44;100.44;100.44;100.44;97.74;100.44;100.44;98.03;105.86;100.44;-;117.12;100.44;100.44
Dec 7, 2023 12:00 AM;Dec 7, 2023 1:00 AM;99.20;98.86;99.20;99.20;99.20;99.20;99.20;96.03;99.20;99.20;96.82;101.06;99.20;-;107.80;99.20;99.20
Dec 7, 2023 1:00 AM;Dec 7, 2023 2:00 AM;97.85;97.40;97.85;97.85;97.85;97.85;97.85;94.81;97.85;97.85;95.50;98.24;97.85;-;101.40;97.85;97.85
Dec 7, 2023 2:00 AM;Dec 7, 2023 3:00 AM;96.86;96.46;96.86;96.86;96.86;96.86;96.86;93.85;96.86;96.86;94.53;97.78;96.86;-;98.20;96.86;96.86
Dec 7, 2023 3:00 AM;Dec 7, 2023 4:00 AM;91.81;91.97;91.81;91.81;91.81;91.81;91.81;89.99;91.81;91.81;89.99;97.25;91.81;-;95.45;91.81;91.81
Dec 7, 2023 4:00 AM;Dec 7, 2023 5:00 AM;89.92;90.45;89.92;89.92;89.92;89.92;89.92;89.57;89.92;89.92;89.57;96.44;89.92;-;93.50;89.92;89.92
Dec 7, 2023 5:00 AM;Dec 7, 2023 6:00 AM;94.53;95.33;94.53;94.53;94.53;94.53;94.53;93.39;94.53;94.53;93.39;105.65;94.53;-;98.20;94.53;94.53
Dec 7, 2023 6:00 AM;Dec 7, 2023 7:00 AM;116.58;112.46;107.27;116.58;116.58;110.05;97.05;109.33;114.91;116.90;116.58;115.81;115.97;-;121.10;114.85;115.70
Dec 7, 2023 7:00 AM;Dec 7, 2023 8:00 AM;131.22;130.45;129.67;131.22;131.22;130.13;127.99;127.41;131.09;132.03;131.22;131.76;131.22;-;131.00;131.12;131.35
Dec 7, 2023 8:00 AM;Dec 7, 2023 9:00 AM;150.00;149.91;150.00;150.00;150.00;150.00;150.00;145.65;150.00;150.00;150.00;153.31;150.00;-;150.00;150.00;150.00
Dec 7, 2023 9:00 AM;Dec 7, 2023 10:00 AM;137.70;137.92;137.70;137.70;137.70;137.70;137.70;133.98;137.70;137.70;137.70;143.83;137.70;-;137.70;137.70;137.70
Dec 7, 2023 10:00 AM;Dec 7, 2023 11:00 AM;134.36;129.35;121.99;134.36;134.36;125.50;108.20;130.19;132.03;134.36;134.36;134.22;133.23;-;125.50;131.84;132.87
Dec 7, 2023 11:00 AM;Dec 7, 2023 12:00 PM;138.17;127.42;110.00;138.17;138.17;109.70;94.30;133.89;131.30;138.17;138.17;132.28;137.51;-;123.50;132.44;136.09
Dec 7, 2023 12:00 PM;Dec 7, 2023 1:00 PM;137.99;124.57;103.04;137.99;137.99;104.88;79.00;133.71;128.93;140.64;137.99;127.44;138.65;-;120.00;132.12;137.37
Dec 7, 2023 1:00 PM;Dec 7, 2023 2:00 PM;138.35;123.30;99.66;138.35;138.35;98.40;80.30;134.07;131.34;138.35;138.35;123.96;135.22;-;120.19;129.70;133.61
Dec 7, 2023 2:00 PM;Dec 7, 2023 3:00 PM;138.08;123.68;98.96;138.08;138.08;94.34;86.00;133.80;131.05;138.08;138.08;129.06;135.00;-;124.00;129.05;133.27
Dec 7, 2023 3:00 PM;Dec 7, 2023 4:00 PM;138.02;125.58;102.00;138.02;138.02;89.13;106.70;133.74;131.69;138.02;138.02;130.61;135.41;-;129.00;129.12;133.48
Dec 7, 2023 4:00 PM;Dec 7, 2023 5:00 PM;133.87;126.98;104.34;133.87;133.87;85.00;126.13;129.72;131.54;152.86;133.87;130.61;135.00;-;138.26;134.00;137.98
Dec 7, 2023 5:00 PM;Dec 7, 2023 6:00 PM;128.59;127.78;116.49;128.59;128.59;108.91;125.21;124.86;131.96;149.28;128.59;129.44;133.70;-;146.99;131.17;137.31
Dec 7, 2023 6:00 PM;Dec 7, 2023 7:00 PM;120.35;125.01;120.71;120.35;120.35;121.44;120.28;116.62;128.92;153.02;120.35;123.67;129.35;-;138.23;130.68;136.22
Dec 7, 2023 7:00 PM;Dec 7, 2023 8:00 PM;104.14;112.43;103.63;104.14;104.14;105.43;103.19;100.91;117.18;159.09;104.14;119.90;114.93;-;131.00;121.88;132.06
Dec 7, 2023 8:00 PM;Dec 7, 2023 9:00 PM;100.36;107.66;99.88;100.36;100.36;100.75;99.88;97.90;112.30;150.15;100.36;112.03;110.34;-;126.61;116.24;124.73
Dec 7, 2023 9:00 PM;Dec 7, 2023 10:00 PM;97.00;102.54;96.40;97.00;97.00;97.00;96.10;94.19;105.93;127.48;97.00;113.86;105.93;-;125.16;107.38;112.11
Dec 7, 2023 10:00 PM;Dec 7, 2023 11:00 PM;96.42;100.59;96.33;96.42;96.42;96.42;96.47;93.62;102.12;119.35;96.42;111.98;100.89;-;121.73;103.42;107.17
Dec 7, 2023 11:00 PM;Dec 8, 2023 12:00 AM;87.08;88.83;87.08;87.08;87.08;87.08;87.08;87.08;87.08;87.08;87.08;106.29;87.08;-;115.85;87.08;87.08
Dec 8, 2023 12:00 AM;Dec 8, 2023 1:00 AM;87.09;88.59;87.09;87.09;87.09;87.09;87.09;87.09;87.09;87.87;87.09;102.76;87.09;-;117.56;87.09;87.09
Dec 8, 2023 1:00 AM;Dec 8, 2023 2:00 AM;83.26;85.72;83.26;83.26;83.26;83.26;83.26;83.26;83.26;92.33;83.26;101.22;83.26;-;113.00;83.26;83.26
Dec 8, 2023 2:00 AM;Dec 8, 2023 3:00 AM;81.43;83.98;81.43;81.43;81.43;81.43;81.43;81.43;81.43;92.33;81.43;98.53;81.43;-;110.80;81.43;81.43
Dec 8, 2023 3:00 AM;Dec 8, 2023 4:00 AM;79.52;82.48;79.52;79.52;79.52;79.52;79.52;79.67;79.52;92.09;79.52;99.41;79.52;-;110.00;79.52;79.52
Dec 8, 2023 4:00 AM;Dec 8, 2023 5:00 AM;80.00;82.56;80.00;80.00;80.00;80.00;80.00;80.00;80.00;90.12;80.00;97.99;80.00;-;111.29;80.00;80.00
Dec 8, 2023 5:00 AM;Dec 8, 2023 6:00 AM;87.04;88.82;87.04;87.04;87.04;87.04;87.04;87.04;87.04;91.90;87.04;101.78;87.04;-;109.80;87.04;87.04
Dec 8, 2023 6:00 AM;Dec 8, 2023 7:00 AM;99.69;103.51;100.26;99.69;99.69;100.40;99.94;96.80;105.46;123.24;99.69;109.50;103.93;-;114.00;107.20;112.71
Dec 8, 2023 7:00 AM;Dec 8, 2023 8:00 AM;107.29;112.25;107.84;107.29;107.29;108.40;107.54;104.18;114.33;143.55;107.29;114.00;113.04;-;116.61;116.61;121.13
Dec 8, 2023 8:00 AM;Dec 8, 2023 9:00 AM;112.65;116.54;113.00;112.65;112.65;113.40;112.80;112.65;118.14;140.00;112.65;116.88;117.13;-;120.13;120.13;123.43
Dec 8, 2023 9:00 AM;Dec 8, 2023 10:00 AM;118.52;120.15;118.70;118.52;118.52;118.91;118.58;118.52;121.48;131.57;118.52;117.36;120.98;-;121.48;122.54;124.29
Dec 8, 2023 10:00 AM;Dec 8, 2023 11:00 AM;118.75;119.37;118.83;118.75;118.75;118.92;118.78;118.75;120.00;124.32;118.75;117.42;119.78;-;120.00;120.41;121.19
Dec 8, 2023 11:00 AM;Dec 8, 2023 12:00 PM;118.02;119.13;118.15;118.02;118.02;118.30;118.07;117.25;120.00;128.05;118.02;116.89;119.63;-;120.35;120.67;121.90
Dec 8, 2023 12:00 PM;Dec 8, 2023 1:00 PM;116.66;118.10;116.84;116.66;116.66;117.04;116.74;116.66;119.37;130.42;116.66;113.22;118.87;-;120.29;120.29;121.99
Dec 8, 2023 1:00 PM;Dec 8, 2023 2:00 PM;111.78;115.27;112.00;111.78;111.78;112.29;111.89;111.78;117.05;138.56;111.78;112.97;116.08;-;119.00;118.84;122.18
Dec 8, 2023 2:00 PM;Dec 8, 2023 3:00 PM;113.11;115.42;113.11;112.87;112.87;113.28;113.09;109.60;118.16;132.65;112.87;112.99;118.15;-;119.57;119.53;122.33
Dec 8, 2023 3:00 PM;Dec 8, 2023 4:00 PM;118.33;114.75;106.25;115.75;115.75;98.16;115.75;114.67;118.31;129.37;115.75;112.97;119.53;-;123.37;118.19;121.48
Dec 8, 2023 4:00 PM;Dec 8, 2023 5:00 PM;114.98;114.64;107.08;113.35;113.35;101.90;113.35;111.41;118.09;136.21;113.35;114.57;118.36;-;123.37;118.99;123.22
Dec 8, 2023 5:00 PM;Dec 8, 2023 6:00 PM;117.99;118.69;116.20;117.63;117.63;115.10;117.63;114.34;120.25;129.24;117.63;119.85;120.07;-;133.07;120.96;122.92
Dec 8, 2023 6:00 PM;Dec 8, 2023 7:00 PM;118.60;117.86;118.60;118.60;115.75;118.60;118.60;114.92;118.60;118.60;115.75;119.83;118.60;-;130.05;118.60;118.60
Dec 8, 2023 7:00 PM;Dec 8, 2023 8:00 PM;105.56;109.53;105.86;105.40;103.03;106.32;105.56;102.34;112.21;134.43;103.03;115.69;110.92;-;136.50;114.82;120.68
Dec 8, 2023 8:00 PM;Dec 8, 2023 9:00 PM;104.62;104.60;104.74;104.35;94.90;104.90;104.67;101.32;107.11;115.41;94.90;111.68;106.64;-;127.81;108.06;110.28
Dec 8, 2023 9:00 PM;Dec 8, 2023 10:00 PM;101.12;98.13;101.12;101.12;82.44;101.12;101.12;97.98;101.12;101.12;82.44;108.72;101.12;-;122.41;101.12;101.12
Dec 8, 2023 10:00 PM;Dec 8, 2023 11:00 PM;101.72;96.09;100.00;101.39;73.22;98.85;101.39;96.61;101.35;101.58;73.22;107.75;101.58;-;119.00;101.19;101.42
Dec 8, 2023 11:00 PM;Dec 9, 2023 12:00 AM;90.58;88.29;90.58;90.58;70.71;90.58;90.58;89.99;90.58;90.58;69.99;106.43;90.58;-;113.00;90.58;90.58
