station_id,E_d_m01,E_m_m01,Hi_d_m01,Hi_m_m01,SD_m_m01,E_d_m02,E_m_m02,Hi_d_m02,Hi_m_m02,SD_m_m02,E_d_m03,E_m_m03,Hi_d_m03,Hi_m_m03,SD_m_m03,E_d_m04,E_m_m04,Hi_d_m04,Hi_m_m04,SD_m_m04,E_d_m05,E_m_m05,Hi_d_m05,Hi_m_m05,SD_m_m05,E_d_m06,E_m_m06,Hi_d_m06,Hi_m_m06,SD_m_m06,E_d_m07,E_m_m07,Hi_d_m07,Hi_m_m07,SD_m_m07,E_d_m08,E_m_m08,Hi_d_m08,Hi_m_m08,SD_m_m08,E_d_m09,E_m_m09,Hi_d_m09,Hi_m_m09,SD_m_m09,E_d_m10,E_m_m10,Hi_d_m10,Hi_m_m10,SD_m_m10,E_d_m11,E_m_m11,Hi_d_m11,Hi_m_m11,SD_m_m11,E_d_m12,E_m_m12,Hi_d_m12,Hi_m_m12,SD_m_m12,total_E_d,total_E_m,total_E_y,total_Hi_d,total_Hi_m,total_Hi_y,total_SD_m,total_SD_y,total_l_aoi,total_l_spec,total_l_tg,total_l_total,total_LCOE_pv
cd_Muellerstrasse_01,5.43,168.4,1.26,39.01,38.79,10.37,290.45,2.38,66.75,76.16,14.77,457.88,3.54,109.6,89.86,20.2,605.87,4.98,149.54,96.73,20.99,650.67,5.3,164.45,102.49,21.54,646.22,5.59,167.56,53.98,20.48,634.77,5.36,166.14,76.62,19.48,603.81,5.04,156.18,59.73,17.4,522.14,4.37,130.97,72.07,11.83,366.72,2.88,89.15,79.18,6.71,201.42,1.59,47.75,50.95,4.82,149.56,1.13,35.02,32.68,14.51,441.49,5297.91,3.62,110.18,1322.13,24.7,296.36,-2.93,1.81,-5.7,-19.86,0.14
cd_Cicerostrasse_01,5.47,169.51,1.27,39.32,38.18,10.29,288.15,2.36,66.11,76.52,14.88,461.13,3.55,109.97,91.74,20.28,608.53,5.01,150.29,96.05,20.99,650.71,5.31,164.57,101.86,21.61,648.44,5.61,168.21,53.19,20.53,636.47,5.38,166.67,76.26,19.48,604.03,5.04,156.38,60.33,17.37,521.25,4.36,130.82,73.71,11.83,366.58,2.88,89.13,79.6,6.74,202.07,1.6,47.94,52.11,4.81,149.06,1.13,34.9,28.73,14.54,442.16,5305.92,3.63,110.36,1324.31,25.73,308.77,-2.93,1.83,-5.74,-19.87,0.14
cs_9735_25,5.49,170.33,1.27,39.47,37.04,10.28,287.86,2.36,66.07,76.95,14.85,460.2,3.54,109.81,90.78,20.22,606.6,4.99,149.83,97.26,20.91,648.18,5.29,163.85,100.56,21.59,647.85,5.6,168.03,53.11,20.51,635.7,5.37,166.47,77.67,19.48,604.0,5.04,156.32,60.04,17.37,521.0,4.36,130.72,73.05,11.81,365.97,2.87,89.02,79.52,6.76,202.78,1.6,48.08,51.28,4.83,149.58,1.13,35.02,29.5,14.52,441.67,5300.06,3.62,110.22,1322.69,25.89,310.62,-2.93,1.84,-5.73,-19.86,0.14
cs_10994_37,5.5,170.39,1.27,39.49,37.06,10.28,287.93,2.36,66.09,76.97,14.85,460.25,3.54,109.82,90.8,20.22,606.62,4.99,149.83,97.27,20.91,648.17,5.29,163.85,100.57,21.59,647.82,5.6,168.02,53.11,20.51,635.67,5.37,166.47,77.67,19.48,604.01,5.04,156.32,60.05,17.37,521.04,4.36,130.73,73.06,11.81,366.04,2.87,89.03,79.54,6.76,202.84,1.6,48.1,51.3,4.83,149.64,1.13,35.03,29.52,14.52,441.7,5300.43,3.62,110.23,1322.77,25.89,310.68,-2.93,1.84,-5.73,-19.86,0.14
cs_11407_0,5.13,158.96,1.2,37.07,35.57,9.86,276.06,2.27,63.57,78.11,14.56,451.51,3.48,107.84,94.28,20.11,603.19,4.97,148.99,96.32,21.05,652.57,5.32,164.85,97.72,21.58,647.32,5.6,168.0,54.77,20.34,630.64,5.32,165.0,72.8,19.44,602.56,5.03,156.0,61.95,17.31,519.29,4.35,130.42,73.1,11.55,358.19,2.81,87.21,82.46,6.54,196.33,1.55,46.64,51.1,4.58,141.87,1.08,33.39,31.61,14.35,436.54,5238.5,3.59,109.08,1308.98,25.8,309.6,-2.95,1.80,-5.8,-19.96,0.14
cs_11407_61,5.49,170.17,1.27,39.49,37.05,10.29,287.99,2.36,66.08,76.96,14.86,460.54,3.54,109.82,90.8,20.22,606.56,4.99,149.83,97.27,20.9,647.76,5.29,163.85,100.56,21.59,647.82,5.6,168.03,53.12,20.5,635.65,5.37,166.48,77.67,19.48,603.89,5.04,156.33,60.05,17.36,520.93,4.36,130.73,73.07,11.81,366.09,2.87,89.03,79.55,6.76,202.81,1.6,48.1,51.31,4.83,149.67,1.13,35.03,29.52,14.52,441.66,5299.87,3.62,110.23,1322.79,25.89,310.67,-2.93,1.83,-5.73,-19.87,0.14
cs_11658_39,5.38,166.82,1.25,38.79,36.98,10.13,283.53,2.33,65.2,81.68,14.84,459.9,3.54,109.71,92.37,20.39,611.69,5.04,151.06,95.52,21.21,657.43,5.36,166.21,98.33,21.8,653.94,5.65,169.62,51.94,20.63,639.66,5.4,167.47,73.63,19.67,609.74,5.09,157.89,61.41,17.53,525.83,4.4,131.97,73.1,11.8,365.89,2.87,88.98,80.05,6.78,203.33,1.61,48.23,50.82,4.7,145.82,1.11,34.26,31.55,14.59,443.63,5323.58,3.64,110.78,1329.4,25.29,303.5,-2.94,1.81,-5.76,-19.91,0.13
cs_11800_21,5.36,166.22,1.24,38.58,36.43,10.11,283.09,2.32,65.06,81.42,14.75,457.32,3.52,109.25,92.83,20.29,608.65,5.01,150.36,96.46,21.17,656.27,5.35,165.84,97.43,21.75,652.51,5.64,169.27,51.14,20.67,640.7,5.41,167.74,76.34,19.64,608.85,5.09,157.65,61.56,17.45,523.43,4.38,131.37,75.29,11.82,366.56,2.87,89.11,78.03,6.7,201.12,1.59,47.74,51.03,4.73,146.64,1.11,34.43,30.1,14.55,442.61,5311.36,3.63,110.53,1326.4,25.79,309.51,-2.94,1.81,-5.77,-19.91,0.13
cs_12751_0,5.46,169.18,1.27,39.25,37.97,10.28,287.7,2.36,66.0,76.37,14.86,460.8,3.54,109.89,91.62,20.28,608.26,5.01,150.22,95.99,20.98,650.52,5.31,164.52,101.79,21.61,648.35,5.61,168.2,53.17,20.53,636.37,5.38,166.65,76.22,19.48,603.83,5.04,156.32,60.28,17.36,520.91,4.36,130.73,73.64,11.81,366.17,2.87,89.03,79.48,6.72,201.73,1.6,47.86,51.99,4.79,148.6,1.12,34.8,28.62,14.53,441.87,5302.42,3.63,110.29,1323.48,25.69,308.26,-2.93,1.83,-5.74,-19.87,0.14
cs_10661_32,5.26,162.95,1.22,37.86,36.55,9.89,277.03,2.28,63.75,74.24,14.19,440.03,3.39,105.2,92.8,19.85,595.51,4.9,147.02,95.77,20.68,641.0,5.23,162.06,98.77,21.28,638.28,5.52,165.65,56.66,20.32,630.03,5.32,165.06,79.81,19.27,597.51,4.99,154.55,63.53,17.08,512.44,4.29,128.68,72.3,11.49,356.32,2.8,86.78,78.67,6.53,195.84,1.55,46.53,48.7,4.55,140.93,1.07,33.22,29.22,14.21,432.32,5187.86,3.55,108.03,1296.37,25.22,302.6,-2.97,1.82,-5.8,-19.96,0.14
cs_10948_29,5.38,166.92,1.25,38.81,37.01,10.13,283.64,2.33,65.22,81.71,14.84,459.95,3.54,109.73,92.4,20.39,611.76,5.04,151.08,95.53,21.21,657.5,5.36,166.23,98.35,21.8,653.96,5.65,169.62,51.95,20.64,639.69,5.4,167.47,73.65,19.67,609.81,5.09,157.91,61.43,17.53,525.92,4.4,131.99,73.1,11.81,365.98,2.87,89.01,80.06,6.78,203.42,1.61,48.25,50.84,4.71,145.9,1.11,34.28,31.57,14.59,443.7,5324.45,3.64,110.8,1329.59,25.3,303.59,-2.93,1.81,-5.76,-19.91,0.13
cs_11804_0,5.36,166.21,1.24,38.57,36.43,10.11,283.09,2.32,65.06,81.41,14.75,457.32,3.52,109.25,92.83,20.29,608.64,5.01,150.36,96.46,21.17,656.27,5.35,165.84,97.43,21.75,652.5,5.64,169.27,51.14,20.67,640.7,5.41,167.74,76.34,19.64,608.85,5.09,157.65,61.56,17.45,523.42,4.38,131.37,75.28,11.82,366.55,2.87,89.11,78.03,6.7,201.11,1.59,47.74,51.02,4.73,146.63,1.11,34.43,30.09,14.55,442.61,5311.28,3.63,110.53,1326.39,25.79,309.5,-2.94,1.81,-5.77,-19.91,0.13
cs_10789_0,5.46,169.3,1.27,39.27,38.11,10.29,288.24,2.37,66.32,76.15,14.83,459.8,3.55,110.03,91.57,20.3,608.96,5.01,150.32,96.2,21.01,651.25,5.31,164.62,101.87,21.63,648.94,5.61,168.25,53.24,20.55,637.12,5.37,166.58,77.04,19.49,604.09,5.04,156.29,60.3,17.39,521.66,4.36,130.85,73.89,11.82,366.49,2.87,89.08,79.97,6.71,201.41,1.59,47.79,51.99,4.79,148.57,1.12,34.79,28.56,14.54,442.15,5305.84,3.63,110.35,1324.19,25.75,309.03,-2.93,1.80,-5.7,-19.86,0.14
cs_9873_50,5.47,169.45,1.27,39.24,38.17,10.3,288.37,2.37,66.3,76.12,14.82,459.49,3.55,110.01,91.55,20.3,609.11,5.01,150.31,96.17,21.01,651.43,5.31,164.63,101.88,21.64,649.06,5.61,168.24,53.23,20.54,636.64,5.37,166.58,77.04,19.49,604.3,5.04,156.29,60.3,17.39,521.61,4.36,130.84,73.86,11.82,366.4,2.87,89.06,79.92,6.71,201.3,1.59,47.74,51.92,4.79,148.47,1.12,34.77,28.53,14.54,442.14,5305.64,3.63,110.34,1324.03,25.75,309.01,-2.93,1.80,-5.7,-19.86,0.14
cs_12422_0,5.39,167.02,1.25,38.78,36.09,10.12,283.39,2.33,65.14,78.88,14.67,454.88,3.5,108.61,92.39,20.27,607.96,5.0,150.13,97.18,20.97,649.95,5.3,164.31,97.02,21.66,649.75,5.62,168.54,54.09,20.53,636.35,5.38,166.7,77.63,19.46,603.36,5.04,156.17,61.65,17.33,519.88,4.35,130.46,72.48,11.8,365.76,2.87,88.98,79.31,6.74,202.3,1.6,48.0,50.44,4.69,145.4,1.1,34.14,28.91,14.48,440.5,5286.0,3.62,110.0,1319.98,25.66,307.9,-2.95,1.83,-5.77,-19.91,0.14
cs_10663_0,5.26,162.95,1.22,37.86,36.55,9.89,277.03,2.28,63.75,74.24,14.19,440.03,3.39,105.2,92.8,19.85,595.51,4.9,147.02,95.77,20.68,641.0,5.23,162.06,98.77,21.28,638.28,5.52,165.65,56.66,20.32,630.03,5.32,165.06,79.81,19.27,597.51,4.99,154.55,63.53,17.08,512.44,4.29,128.68,72.3,11.49,356.32,2.8,86.78,78.67,6.53,195.84,1.55,46.53,48.7,4.55,140.93,1.07,33.22,29.22,14.21,432.32,5187.86,3.55,108.03,1296.37,25.22,302.6,-2.97,1.82,-5.8,-19.96,0.14
cs_9724_18,5.48,170.0,1.27,39.39,37.7,10.24,286.71,2.35,65.94,76.21,14.68,455.21,3.52,109.01,89.96,20.12,603.72,4.97,149.03,96.72,20.91,648.32,5.29,163.84,100.74,21.54,646.31,5.59,167.57,54.75,20.49,635.11,5.36,166.23,77.85,19.45,602.85,5.03,155.91,59.18,17.29,518.72,4.34,130.16,72.91,11.79,365.62,2.87,88.91,78.75,6.71,201.16,1.59,47.71,50.87,4.73,146.62,1.11,34.4,30.37,14.47,440.03,5280.35,3.61,109.84,1318.09,24.65,295.85,-2.94,1.80,-5.72,-19.88,0.14
cs_10785_23,5.46,169.24,1.27,39.26,38.18,10.29,288.25,2.37,66.32,76.15,14.83,459.8,3.55,110.03,91.57,20.3,608.97,5.01,150.32,96.2,21.01,651.26,5.31,164.62,101.87,21.63,648.95,5.61,168.25,53.24,20.55,637.13,5.37,166.58,77.04,19.49,604.1,5.04,156.29,60.3,17.39,521.66,4.36,130.86,73.89,11.82,366.49,2.87,89.08,79.97,6.71,201.39,1.59,47.78,51.98,4.79,148.58,1.12,34.79,28.56,14.54,442.15,5305.8,3.63,110.35,1324.17,25.76,309.06,-2.93,1.80,-5.7,-19.86,0.14
cs_10498_0,5.49,170.11,1.27,39.39,37.56,10.31,288.62,2.37,66.35,76.95,14.8,458.82,3.54,109.82,90.87,20.25,607.6,5.0,149.95,97.58,20.91,648.13,5.28,163.81,100.61,21.6,648.02,5.6,167.97,53.08,20.51,635.94,5.37,166.42,77.74,19.49,604.2,5.04,156.27,60.04,17.37,521.23,4.36,130.74,73.12,11.81,366.16,2.87,89.0,79.76,6.74,202.17,1.6,47.93,51.11,4.82,149.43,1.13,34.97,29.58,14.52,441.7,5300.43,3.62,110.22,1322.64,25.94,311.28,-2.93,1.81,-5.69,-19.85,0.14
cs_9646_49,5.49,170.11,1.27,39.39,37.56,10.31,288.61,2.37,66.35,76.94,14.8,458.83,3.54,109.82,90.87,20.25,607.59,5.0,149.95,97.58,20.91,648.12,5.28,163.81,100.61,21.6,648.01,5.6,167.98,53.08,20.51,635.94,5.37,166.42,77.74,19.49,604.2,5.04,156.27,60.04,17.37,521.23,4.36,130.74,73.12,11.81,366.15,2.87,89.0,79.76,6.74,202.17,1.6,47.93,51.11,4.82,149.43,1.13,34.97,29.58,14.52,441.7,5300.4,3.62,110.22,1322.64,25.94,311.28,-2.93,1.81,-5.69,-19.85,0.14
cs_agg_9627_0_9735_0_10804_0_11658_0_11946_0_11979_0_11838_17_11649_0_9724_0_10632_0_11941_14_10740_0_12482_0_11703_0,5.48,169.73,1.27,39.35,37.51,10.33,289.22,2.37,66.31,76.89,14.86,460.6,3.54,109.78,90.82,20.24,607.19,5.0,149.93,97.54,20.9,647.83,5.28,163.81,100.59,21.59,647.78,5.6,167.97,53.07,20.51,635.66,5.37,166.42,77.73,19.48,603.79,5.04,156.25,60.03,17.37,521.1,4.36,130.71,73.09,11.81,365.97,2.87,88.96,79.7,6.73,202.02,1.6,47.89,51.05,4.82,149.35,1.13,34.93,29.54,14.52,441.69,5300.25,3.62,110.19,1322.31,25.93,311.13,-2.93,1.83,-5.69,-19.83,0.14
cs_agg_9633_0_9633_1,5.49,170.13,1.27,39.39,37.56,10.31,288.63,2.37,66.36,76.95,14.8,458.84,3.54,109.82,90.87,20.25,607.59,5.0,149.95,97.58,20.91,648.1,5.28,163.81,100.6,21.6,647.98,5.6,167.97,53.08,20.51,635.91,5.37,166.42,77.74,19.49,604.18,5.04,156.26,60.04,17.37,521.24,4.36,130.74,73.13,11.81,366.17,2.87,89.01,79.77,6.74,202.19,1.6,47.93,51.12,4.82,149.45,1.13,34.98,29.59,14.52,441.7,5300.4,3.62,110.22,1322.64,25.94,311.29,-2.93,1.81,-5.69,-19.85,0.14
cs_agg_9633_48_11946_43_11949_0_9646_0,5.37,166.53,1.25,38.67,36.59,10.09,282.58,2.32,64.98,78.82,14.72,456.29,3.52,109.06,92.1,20.28,608.26,5.01,150.24,98.18,21.09,653.93,5.33,165.21,98.28,21.7,650.99,5.63,168.85,53.27,20.54,636.86,5.38,166.79,76.24,19.52,604.98,5.05,156.57,61.85,17.36,520.69,4.36,130.71,73.8,11.81,366.21,2.87,89.07,78.97,6.74,202.18,1.6,48.02,50.35,4.73,146.74,1.11,34.43,28.89,14.51,441.35,5296.24,3.62,110.22,1322.61,26.25,315.05,-2.94,1.81,-5.76,-19.91,0.14
cs_agg_9828_0_12475_0,5.44,168.77,1.26,39.09,37.8,10.31,288.72,2.37,66.39,75.89,14.76,457.64,3.53,109.57,90.93,20.27,608.12,5.0,150.09,94.06,21.03,651.9,5.32,164.77,102.55,21.54,646.35,5.59,167.59,53.96,20.44,633.73,5.35,165.85,77.27,19.43,602.37,5.03,155.81,59.85,17.45,523.61,4.38,131.35,72.37,11.79,365.41,2.87,88.86,79.76,6.7,200.9,1.59,47.64,50.4,4.85,150.22,1.13,35.15,32.37,14.51,441.48,5297.75,3.62,110.18,1322.15,24.45,293.34,-2.93,1.81,-5.71,-19.86,0.14
cs_agg_11516_32_11970_0_12041_8_11921_0,5.44,168.77,1.26,39.09,37.8,10.31,288.72,2.37,66.39,75.89,14.76,457.64,3.53,109.57,90.93,20.27,608.12,5.0,150.09,94.06,21.03,651.9,5.32,164.77,102.55,21.54,646.35,5.59,167.59,53.96,20.44,633.73,5.35,165.85,77.27,19.43,602.37,5.03,155.81,59.85,17.45,523.61,4.38,131.35,72.37,11.79,365.41,2.87,88.86,79.76,6.7,200.9,1.59,47.64,50.4,4.85,150.22,1.13,35.15,32.37,14.51,441.48,5297.75,3.62,110.18,1322.15,24.45,293.34,-2.93,1.81,-5.71,-19.86,0.14
cs_agg_9828_4_11970_4_10691_33_9844_29,5.44,168.67,1.26,39.07,37.75,10.28,287.89,2.36,66.18,75.73,14.76,457.47,3.53,109.5,90.9,20.27,608.1,5.0,150.08,94.1,21.03,651.81,5.31,164.75,102.49,21.55,646.56,5.59,167.68,53.99,20.45,633.91,5.35,165.93,77.28,19.43,602.41,5.03,155.83,59.84,17.45,523.51,4.38,131.29,72.4,11.77,364.73,2.86,88.67,79.73,6.66,199.91,1.58,47.4,50.3,4.84,150.14,1.13,35.14,32.36,14.51,441.26,5295.12,3.62,110.13,1321.53,24.44,293.22,-2.93,1.80,-5.71,-19.86,0.14
cs_agg_9828_32_10099_29_10103_28_10109_0_10789_24_11082_0_10785_0_10691_0_11085_17_10094_0_10683_32_9836_0,5.48,169.75,1.27,39.31,38.16,10.31,288.61,2.37,66.36,76.21,14.83,459.69,3.55,110.06,91.62,20.31,609.22,5.01,150.34,96.22,21.01,651.42,5.31,164.63,101.89,21.64,649.06,5.61,168.25,53.25,20.54,636.66,5.37,166.59,77.06,19.5,604.38,5.04,156.31,60.32,17.39,521.79,4.36,130.89,73.91,11.83,366.62,2.87,89.11,80.01,6.72,201.62,1.59,47.82,52.03,4.8,148.72,1.12,34.83,28.59,14.54,442.3,5307.55,3.63,110.38,1324.5,25.77,309.21,-2.93,1.80,-5.7,-19.86,0.13
cs_agg_9863_0_9863_1,5.47,169.66,1.27,39.29,38.05,10.31,288.55,2.37,66.36,76.32,14.86,460.58,3.56,110.27,91.63,20.27,608.03,5.0,150.1,96.72,20.94,649.21,5.3,164.29,101.17,21.6,647.95,5.61,168.16,53.41,20.51,635.79,5.37,166.51,76.97,19.47,603.48,5.04,156.2,60.14,17.38,521.43,4.36,130.8,74.35,11.84,366.98,2.88,89.21,80.61,6.73,201.9,1.6,47.89,52.27,4.8,148.95,1.12,34.87,28.71,14.53,441.87,5302.5,3.63,110.33,1323.94,25.76,309.08,-2.97,1.80,-5.71,-19.9,0.14
cs_agg_9863_50_11969_8,5.43,168.36,1.26,39.0,39.5,10.28,287.89,2.36,66.17,78.08,14.7,455.76,3.52,109.13,91.5,20.19,605.75,4.98,149.51,97.18,20.87,646.9,5.27,163.5,98.8,21.56,646.91,5.59,167.74,55.39,20.5,635.53,5.37,166.42,78.7,19.52,604.99,5.05,156.5,59.5,17.33,519.97,4.35,130.45,73.03,11.79,365.5,2.87,88.88,78.75,6.79,203.55,1.61,48.23,51.35,4.75,147.11,1.11,34.47,29.94,14.49,440.69,5288.23,3.62,110.0,1320.0,25.87,310.47,-2.94,1.81,-5.72,-19.88,0.14
cs_agg_9897_0_9973_34_9889_51_9963_0,5.3,164.23,1.23,38.07,38.3,9.87,276.33,2.27,63.59,72.72,14.32,443.94,3.43,106.31,93.18,19.85,595.63,4.9,146.94,97.02,20.86,646.79,5.27,163.29,98.27,21.49,644.61,5.57,167.0,54.03,20.39,632.03,5.33,165.35,79.39,19.3,598.28,4.99,154.61,59.89,17.17,514.95,4.3,129.1,73.33,11.5,356.62,2.8,86.77,79.36,6.47,193.99,1.54,46.08,50.12,4.48,138.73,1.05,32.65,28.59,14.26,433.85,5206.14,3.56,108.31,1299.76,23.46,281.53,-2.96,1.80,-5.71,-19.89,0.14
cs_agg_11514_0_12043_0,5.44,168.71,1.26,39.07,37.82,10.31,288.72,2.37,66.38,75.89,14.76,457.64,3.53,109.57,90.93,20.27,608.12,5.0,150.09,94.05,21.03,651.94,5.32,164.78,102.56,21.55,646.35,5.59,167.59,53.96,20.44,633.73,5.35,165.85,77.27,19.43,602.37,5.03,155.81,59.85,17.45,523.61,4.38,131.34,72.37,11.79,365.41,2.87,88.85,79.76,6.69,200.83,1.59,47.62,50.38,4.85,150.21,1.13,35.15,32.37,14.51,441.47,5297.66,3.62,110.18,1322.12,24.45,293.37,-2.93,1.81,-5.71,-19.86,0.14
cs_agg_12472_23_9836_31_9897_34_11923_50_11973_33_12043_1_9852_20,5.44,168.71,1.26,39.07,37.82,10.31,288.72,2.37,66.38,75.89,14.76,457.64,3.53,109.57,90.93,20.27,608.12,5.0,150.09,94.05,21.03,651.94,5.32,164.78,102.56,21.55,646.35,5.59,167.59,53.96,20.44,633.73,5.35,165.85,77.27,19.43,602.37,5.03,155.81,59.85,17.45,523.61,4.38,131.34,72.37,11.79,365.41,2.87,88.85,79.76,6.69,200.83,1.59,47.62,50.38,4.85,150.21,1.13,35.15,32.37,14.51,441.47,5297.66,3.62,110.18,1322.12,24.45,293.37,-2.93,1.81,-5.71,-19.86,0.14
cs_agg_10142_44_10136_0_9897_50_9889_0,5.39,167.2,1.25,38.81,40.67,9.95,278.49,2.29,64.15,74.4,14.64,453.92,3.5,108.56,96.22,20.3,609.11,5.01,150.18,95.46,21.26,659.03,5.37,166.33,100.99,21.77,653.19,5.64,169.08,54.05,20.63,639.55,5.39,166.94,77.99,19.5,604.6,5.04,156.18,62.86,17.43,522.99,4.37,131.02,73.53,11.59,359.27,2.82,87.35,78.43,6.4,192.12,1.52,45.69,50.09,4.51,139.74,1.06,32.89,30.78,14.46,439.93,5279.22,3.61,109.77,1317.19,23.7,284.36,-2.95,1.78,-5.64,-19.84,0.14
cs_agg_10045_25_11089_9_12475_23,5.22,161.9,1.21,37.65,39.37,9.83,275.24,2.27,63.44,76.56,14.18,439.57,3.4,105.43,93.16,19.91,597.4,4.92,147.51,96.23,20.78,644.07,5.25,162.76,100.14,21.44,643.14,5.56,166.82,56.65,20.4,632.28,5.34,165.58,81.8,19.29,597.97,4.99,154.7,60.64,17.04,511.26,4.28,128.35,73.6,11.41,353.62,2.78,86.15,79.75,6.45,193.63,1.53,46.05,49.97,4.43,137.39,1.05,32.41,28.85,14.21,432.29,5187.45,3.55,108.07,1296.85,26.6,319.15,-2.97,1.80,-5.83,-20.0,0.14
cs_agg_10740_22_10099_15,5.46,169.25,1.27,39.26,38.1,10.29,288.2,2.37,66.31,76.14,14.83,459.76,3.55,110.02,91.56,20.3,608.94,5.01,150.31,96.19,21.01,651.25,5.31,164.62,101.86,21.63,648.94,5.61,168.24,53.24,20.55,637.12,5.37,166.58,77.04,19.49,604.08,5.04,156.29,60.29,17.39,521.63,4.36,130.85,73.88,11.82,366.45,2.87,89.07,79.95,6.71,201.36,1.59,47.78,51.97,4.79,148.52,1.12,34.78,28.54,14.54,442.13,5305.51,3.63,110.34,1324.11,25.75,308.99,-2.93,1.80,-5.7,-19.86,0.14
cs_agg_10115_0_9908_0_12037_0_9922_53_10818_33_10120_37_12038_12_9929_11_9931_0,5.43,168.34,1.26,39.0,37.69,10.3,288.31,2.37,66.29,75.74,14.75,457.3,3.53,109.49,90.82,20.26,607.9,5.0,150.03,93.98,21.03,651.8,5.31,164.74,102.5,21.54,646.3,5.59,167.57,53.94,20.44,633.66,5.35,165.83,77.24,19.43,602.21,5.02,155.76,59.81,17.44,523.3,4.38,131.26,72.3,11.77,364.98,2.86,88.75,79.63,6.68,200.49,1.59,47.55,50.27,4.83,149.75,1.13,35.05,32.24,14.51,441.2,5294.34,3.62,110.11,1321.32,24.42,292.99,-2.93,1.80,-5.71,-19.86,0.14
cs_agg_10115_37_10115_38_10189_36_10189_37,5.34,165.56,1.24,38.5,43.78,9.96,278.96,2.29,64.25,73.77,14.79,458.55,3.52,109.17,97.48,20.43,612.86,5.04,151.11,95.81,21.32,661.04,5.39,167.01,101.51,21.85,655.45,5.65,169.6,53.15,20.67,640.65,5.4,167.31,77.34,19.55,606.14,5.05,156.55,64.99,17.53,525.89,4.39,131.73,73.23,11.66,361.36,2.83,87.88,79.2,6.42,192.58,1.53,45.76,50.43,4.49,139.24,1.06,32.8,29.42,14.52,441.52,5298.27,3.62,110.14,1321.67,24.11,289.36,-2.94,1.81,-5.65,-19.82,0.14
cs_agg_10258_1_10221_30_10312_0_10312_1_12434_0_12422_35_10315_28_10882_1,5.13,158.96,1.2,37.07,35.57,9.86,276.06,2.27,63.57,78.11,14.56,451.5,3.48,107.84,94.28,20.11,603.19,4.97,148.99,96.32,21.05,652.57,5.32,164.85,97.72,21.58,647.32,5.6,168.0,54.77,20.34,630.64,5.32,165.0,72.8,19.44,602.56,5.03,156.0,61.95,17.31,519.29,4.35,130.42,73.1,11.55,358.19,2.81,87.2,82.46,6.54,196.33,1.55,46.64,51.09,4.58,141.87,1.08,33.39,31.61,14.35,436.54,5238.49,3.59,109.08,1308.97,25.8,309.6,-2.95,1.80,-5.8,-19.96,0.14
cs_agg_10385_45_10395_0_11755_32_11759_0,5.29,164.02,1.23,38.23,37.96,10.09,282.51,2.32,65.07,80.0,15.0,465.11,3.58,111.08,94.48,20.73,621.81,5.12,153.58,94.68,21.51,666.75,5.44,168.52,95.91,22.09,662.62,5.73,171.94,50.93,20.91,648.28,5.48,169.78,74.33,19.9,616.92,5.15,159.71,64.31,17.81,534.22,4.47,134.08,71.88,12.05,373.61,2.93,90.87,81.1,6.82,204.54,1.62,48.55,51.94,4.77,147.92,1.12,34.77,33.24,14.76,449.03,5388.31,3.69,112.18,1346.18,25.3,303.56,-2.93,1.80,-5.8,-19.95,0.13
cs_agg_10437_0_11755_0_12113_0_10437_1_11755_1_12113_1_11941_24,5.46,169.34,1.27,39.29,38.01,10.28,287.87,2.36,66.04,76.43,14.87,460.92,3.55,109.92,91.66,20.28,608.36,5.01,150.25,96.01,20.99,650.58,5.31,164.54,101.81,21.61,648.38,5.61,168.2,53.18,20.53,636.41,5.38,166.66,76.23,19.48,603.9,5.04,156.34,60.29,17.37,521.03,4.36,130.76,73.66,11.82,366.33,2.87,89.07,79.52,6.73,201.8,1.6,47.87,52.03,4.8,148.76,1.12,34.83,28.66,14.53,441.97,5303.68,3.63,110.31,1323.78,25.7,308.44,-2.93,1.83,-5.74,-19.87,0.14
cs_agg_10437_17_10498_41,5.36,166.16,1.25,38.63,36.51,10.13,283.54,2.33,65.12,81.52,14.78,458.03,3.53,109.3,92.91,20.3,608.91,5.01,150.4,96.52,21.16,655.96,5.35,165.86,97.46,21.75,652.6,5.64,169.28,51.16,20.66,640.59,5.41,167.75,76.35,19.65,609.06,5.09,157.68,61.59,17.45,523.65,4.38,131.42,75.34,11.83,366.81,2.88,89.18,78.12,6.71,201.39,1.59,47.81,51.11,4.74,147.03,1.11,34.49,30.17,14.56,442.81,5313.74,3.64,110.58,1326.93,25.81,309.75,-2.93,1.82,-5.77,-19.91,0.13
cs_agg_11665_0_10437_34_11665_1,5.38,166.83,1.25,38.79,36.99,10.13,283.54,2.33,65.2,81.68,14.84,459.91,3.54,109.72,92.38,20.39,611.69,5.04,151.07,95.53,21.21,657.43,5.36,166.21,98.32,21.8,653.94,5.65,169.62,51.94,20.63,639.66,5.4,167.47,73.64,19.67,609.75,5.09,157.89,61.41,17.53,525.84,4.4,131.97,73.1,11.8,365.9,2.87,88.99,80.06,6.78,203.34,1.61,48.23,50.82,4.7,145.83,1.11,34.26,31.55,14.59,443.64,5323.66,3.64,110.78,1329.42,25.29,303.51,-2.94,1.81,-5.76,-19.91,0.13
cs_agg_10444_40_11759_32_12115_49,5.46,169.33,1.27,39.28,38.01,10.28,287.86,2.36,66.04,76.42,14.87,460.91,3.55,109.92,91.66,20.28,608.35,5.01,150.24,96.01,20.99,650.58,5.31,164.54,101.81,21.61,648.38,5.61,168.2,53.18,20.53,636.41,5.38,166.66,76.23,19.48,603.89,5.04,156.34,60.29,17.37,521.02,4.36,130.76,73.66,11.82,366.32,2.87,89.07,79.52,6.73,201.79,1.6,47.87,52.03,4.8,148.75,1.12,34.83,28.66,14.53,441.97,5303.6,3.63,110.31,1323.76,25.7,308.43,-2.93,1.83,-5.74,-19.87,0.14
cs_agg_10804_21_10804_22_11538_46_11538_47_10481_5,5.5,170.38,1.28,39.53,37.11,10.29,288.2,2.36,66.13,77.04,14.86,460.7,3.54,109.86,90.85,20.22,606.67,5.0,149.86,97.31,20.9,647.81,5.29,163.86,100.58,21.59,647.85,5.6,168.04,53.13,20.51,635.69,5.37,166.49,77.69,19.48,603.97,5.04,156.35,60.07,17.37,521.09,4.36,130.77,73.1,11.82,366.3,2.87,89.09,79.61,6.77,203.01,1.6,48.14,51.37,4.84,149.89,1.13,35.08,29.57,14.52,441.8,5301.56,3.63,110.27,1323.2,25.9,310.85,-2.93,1.83,-5.73,-19.87,0.14
cs_agg_10994_0_10980_36,5.46,169.24,1.27,39.27,37.99,10.28,287.77,2.36,66.02,76.39,14.87,460.83,3.55,109.9,91.63,20.28,608.31,5.01,150.23,95.99,20.99,650.59,5.31,164.54,101.81,21.61,648.37,5.61,168.2,53.17,20.53,636.39,5.38,166.65,76.23,19.48,603.86,5.04,156.33,60.29,17.37,520.96,4.36,130.74,73.64,11.81,366.23,2.87,89.05,79.49,6.73,201.78,1.6,47.87,52.0,4.8,148.65,1.12,34.81,28.63,14.53,441.92,5302.99,3.63,110.3,1323.6,25.69,308.31,-2.93,1.83,-5.74,-19.87,0.14
cs_agg_10994_1_12123_0_10959_25_10336_34_10329_0_10956_0,5.46,169.23,1.27,39.26,37.99,10.28,287.76,2.36,66.02,76.39,14.87,460.82,3.54,109.89,91.63,20.28,608.31,5.01,150.23,95.98,20.99,650.6,5.31,164.54,101.81,21.61,648.38,5.61,168.2,53.17,20.53,636.4,5.38,166.65,76.23,19.48,603.87,5.04,156.33,60.28,17.37,520.96,4.36,130.74,73.64,11.81,366.22,2.87,89.04,79.48,6.72,201.7,1.59,47.85,51.97,4.79,148.64,1.12,34.8,28.63,14.53,441.91,5302.87,3.63,110.3,1323.57,25.69,308.31,-2.93,1.83,-5.73,-19.87,0.14
cs_agg_11518_32_11523_0,5.42,167.91,1.26,38.95,39.44,10.26,287.33,2.36,66.09,77.99,14.69,455.54,3.52,109.09,91.44,20.19,605.59,4.98,149.48,97.15,20.86,646.76,5.27,163.48,98.76,21.57,647.0,5.59,167.74,55.39,20.51,635.79,5.37,166.42,78.68,19.52,605.02,5.05,156.47,59.47,17.32,519.74,4.35,130.4,73.0,11.78,365.24,2.87,88.82,78.7,6.77,203.11,1.61,48.15,51.28,4.73,146.75,1.11,34.43,29.89,14.48,440.48,5285.79,3.62,109.96,1319.53,25.86,310.29,-2.94,1.80,-5.72,-19.88,0.14
cs_agg_11514_32_11516_0_12464_0_12462_15_11516_1_12464_1,5.49,170.2,1.27,39.41,37.59,10.31,288.71,2.37,66.37,76.98,14.8,458.88,3.54,109.83,90.89,20.26,607.67,5.0,149.97,97.58,20.91,648.21,5.28,163.83,100.64,21.6,648.04,5.6,167.98,53.08,20.51,635.96,5.37,166.43,77.75,19.49,604.25,5.04,156.28,60.06,17.38,521.32,4.36,130.76,73.14,11.81,366.24,2.87,89.02,79.77,6.74,202.26,1.6,47.95,51.12,4.82,149.52,1.13,34.99,29.6,14.52,441.77,5301.26,3.62,110.24,1322.83,25.95,311.35,-2.93,1.81,-5.69,-19.85,0.14
cs_agg_11516_10_9908_16_10691_9_11882_34_12464_4_9929_0_9844_1_9931_11,5.43,168.45,1.26,39.02,38.81,10.38,290.5,2.38,66.76,76.18,14.77,457.89,3.54,109.61,89.87,20.2,605.89,4.98,149.55,96.73,20.99,650.67,5.3,164.45,102.51,21.54,646.2,5.58,167.55,53.98,20.48,634.75,5.36,166.13,76.62,19.48,603.83,5.04,156.19,59.74,17.41,522.17,4.37,130.98,72.07,11.83,366.77,2.88,89.16,79.19,6.72,201.46,1.59,47.76,50.97,4.83,149.59,1.13,35.02,32.69,14.52,441.51,5298.17,3.62,110.18,1322.18,24.7,296.41,-2.93,1.81,-5.7,-19.86,0.14
cs_agg_11538_0_11530_46,5.33,165.25,1.24,38.43,37.78,10.1,282.75,2.32,65.0,80.95,14.78,458.2,3.53,109.32,92.88,20.35,610.48,5.03,150.76,95.05,21.19,656.94,5.36,166.07,98.11,21.77,652.96,5.64,169.35,51.87,20.57,637.65,5.39,166.94,75.15,19.65,609.01,5.09,157.7,61.39,17.48,524.47,4.39,131.61,72.49,11.78,365.16,2.87,88.82,79.63,6.76,202.69,1.6,48.08,50.7,4.66,144.61,1.1,33.99,31.95,14.55,442.51,5310.18,3.63,110.51,1326.08,25.32,303.81,-2.93,1.81,-5.76,-19.91,0.13
cs_agg_11643_41_11697_35_10630_17_12477_32_10808_22_9722_19_11978_23_9737_25_11665_39,5.47,169.53,1.27,39.3,37.53,10.33,289.18,2.37,66.3,76.87,14.86,460.56,3.54,109.78,90.8,20.24,607.2,5.0,149.93,97.53,20.9,647.87,5.28,163.82,100.6,21.59,647.83,5.6,167.98,53.07,20.51,635.7,5.37,166.42,77.73,19.48,603.81,5.04,156.25,60.03,17.37,521.07,4.36,130.7,73.08,11.8,365.92,2.87,88.95,79.68,6.73,201.98,1.6,47.88,51.03,4.79,148.4,1.12,34.71,29.38,14.52,441.59,5299.05,3.62,110.17,1322.03,25.92,311.09,-2.93,1.83,-5.69,-19.83,0.14
cs_agg_10959_0_10956_24_12115_27_12434_14_11773_6_10959_1_11776_10_12113_22_12422_21,5.37,166.36,1.25,38.61,36.47,10.12,283.24,2.32,65.09,81.47,14.76,457.46,3.53,109.28,92.87,20.29,608.71,5.01,150.38,96.5,21.17,656.27,5.35,165.85,97.43,21.75,652.51,5.64,169.28,51.15,20.67,640.71,5.41,167.75,76.34,19.64,608.89,5.09,157.66,61.57,17.45,523.52,4.38,131.4,75.32,11.83,366.72,2.88,89.15,78.1,6.71,201.27,1.59,47.78,51.08,4.74,146.82,1.11,34.47,30.14,14.55,442.71,5312.48,3.63,110.56,1326.69,25.8,309.63,-2.94,1.81,-5.77,-19.91,0.13
cs_agg_10965_0_10970_27,5.46,169.23,1.27,39.26,37.98,10.28,287.75,2.36,66.02,76.39,14.87,460.82,3.54,109.89,91.63,20.28,608.31,5.01,150.23,95.98,20.99,650.59,5.31,164.54,101.81,21.61,648.37,5.61,168.2,53.17,20.53,636.39,5.38,166.65,76.23,19.48,603.86,5.04,156.33,60.28,17.37,520.95,4.36,130.74,73.64,11.81,366.22,2.87,89.04,79.48,6.73,201.77,1.6,47.87,52.0,4.79,148.63,1.12,34.8,28.63,14.53,441.91,5302.89,3.63,110.3,1323.58,25.69,308.3,-2.93,1.83,-5.74,-19.87,0.14
cs_agg_11800_0_11164_0_11804_22_11166_22,5.46,169.23,1.27,39.26,37.98,10.28,287.75,2.36,66.02,76.39,14.87,460.82,3.54,109.89,91.63,20.28,608.31,5.01,150.23,95.98,20.99,650.59,5.31,164.54,101.81,21.61,648.37,5.61,168.2,53.17,20.53,636.39,5.38,166.65,76.23,19.48,603.86,5.04,156.33,60.28,17.37,520.95,4.36,130.74,73.64,11.81,366.22,2.87,89.04,79.48,6.73,201.77,1.6,47.87,52.0,4.79,148.63,1.12,34.8,28.63,14.53,441.91,5302.89,3.63,110.3,1323.58,25.69,308.3,-2.93,1.83,-5.74,-19.87,0.14
cs_agg_9737_0_11857_8_9737_1,5.49,170.32,1.27,39.47,37.04,10.28,287.85,2.36,66.07,76.94,14.84,460.19,3.54,109.8,90.78,20.22,606.61,4.99,149.83,97.25,20.91,648.2,5.29,163.85,100.56,21.6,647.87,5.6,168.04,53.11,20.51,635.72,5.37,166.48,77.67,19.48,604.01,5.04,156.32,60.04,17.37,521.0,4.36,130.72,73.05,11.81,365.96,2.87,89.02,79.52,6.76,202.77,1.6,48.08,51.28,4.82,149.57,1.13,35.01,29.5,14.52,441.67,5300.07,3.62,110.22,1322.69,25.88,310.61,-2.93,1.84,-5.73,-19.86,0.14
cs_agg_11967_0_11967_1_11963_44_10695_33_10705_0_10705_1,5.34,165.62,1.24,38.41,39.63,9.97,279.3,2.3,64.28,74.29,14.6,452.64,3.49,108.32,93.92,20.23,606.93,4.99,149.66,96.11,21.17,656.28,5.34,165.64,102.69,21.66,649.81,5.61,168.22,54.66,20.57,637.82,5.38,166.67,78.43,19.49,604.34,5.03,156.08,61.42,17.39,521.85,4.36,130.77,73.18,11.58,358.84,2.81,87.26,78.79,6.45,193.54,1.53,46.0,50.29,4.57,141.69,1.07,33.32,31.2,14.43,439.05,5268.65,3.6,109.55,1314.63,24.19,290.23,-2.95,1.79,-5.65,-19.85,0.14
cs_agg_11967_43_11963_0_10695_0_10705_33,5.36,166.2,1.24,38.52,37.5,10.05,281.34,2.31,64.7,74.67,14.4,446.39,3.45,106.97,92.45,19.97,599.11,4.93,147.9,96.82,20.82,645.45,5.26,163.08,97.94,21.45,643.36,5.56,166.86,55.99,20.37,631.33,5.33,165.35,79.64,19.29,598.04,4.99,154.75,59.06,17.14,514.07,4.3,129.02,72.2,11.59,359.23,2.82,87.42,79.01,6.53,195.86,1.55,46.52,51.03,4.58,141.85,1.08,33.34,29.2,14.31,435.19,5222.24,3.57,108.7,1304.43,24.3,291.58,-2.95,1.81,-5.77,-19.93,0.14
cs_agg_11973_30_9852_17_10683_0_9836_28,5.45,168.8,1.26,39.09,37.81,10.31,288.76,2.37,66.39,75.9,14.76,457.66,3.53,109.58,90.94,20.27,608.14,5.0,150.1,94.06,21.03,651.95,5.32,164.78,102.56,21.55,646.35,5.59,167.59,53.96,20.44,633.73,5.35,165.85,77.28,19.43,602.38,5.03,155.81,59.86,17.45,523.64,4.38,131.35,72.38,11.79,365.45,2.87,88.86,79.77,6.7,200.93,1.59,47.65,50.41,4.85,150.25,1.13,35.16,32.37,14.52,441.5,5298.05,3.62,110.18,1322.21,24.45,293.38,-2.93,1.81,-5.71,-19.86,0.14
cs_agg_12113_47_12561_34_12556_9,5.29,164.04,1.23,38.23,37.97,10.09,282.55,2.32,65.08,80.02,15.0,465.11,3.58,111.07,94.51,20.73,621.83,5.12,153.59,94.71,21.51,666.72,5.44,168.52,95.89,22.09,662.67,5.73,171.96,50.94,20.91,648.32,5.48,169.8,74.32,19.9,616.93,5.15,159.72,64.31,17.81,534.24,4.47,134.08,71.9,12.05,373.66,2.93,90.89,81.15,6.82,204.59,1.62,48.56,51.96,4.77,147.99,1.12,34.79,33.25,14.76,449.05,5388.66,3.69,112.19,1346.28,25.3,303.59,-2.93,1.80,-5.8,-19.95,0.13
cs_agg_12115_0_12558_0_12570_0,5.29,164.04,1.23,38.23,37.97,10.09,282.55,2.32,65.08,80.02,15.0,465.15,3.58,111.09,94.49,20.73,621.82,5.12,153.58,94.69,21.51,666.73,5.44,168.52,95.91,22.09,662.61,5.73,171.94,50.93,20.91,648.27,5.48,169.78,74.32,19.9,616.92,5.15,159.71,64.31,17.81,534.24,4.47,134.08,71.89,12.05,373.65,2.93,90.88,81.13,6.82,204.58,1.62,48.56,51.95,4.77,147.98,1.12,34.79,33.25,14.76,449.04,5388.52,3.69,112.19,1346.24,25.3,303.59,-2.93,1.80,-5.8,-19.95,0.13
cs_agg_11039_11_11037_0_12607_19_12605_0_11037_1_12605_1_12497_20_12499_0_12499_1,5.47,169.69,1.27,39.34,37.51,10.33,289.19,2.37,66.31,76.87,14.86,460.55,3.54,109.77,90.81,20.24,607.19,5.0,149.93,97.52,20.9,647.88,5.28,163.82,100.61,21.59,647.79,5.6,167.97,53.07,20.51,635.67,5.37,166.41,77.73,19.48,603.8,5.04,156.25,60.03,17.37,521.09,4.36,130.71,73.08,11.8,365.93,2.87,88.95,79.67,6.73,201.98,1.6,47.88,51.03,4.82,149.3,1.13,34.92,29.52,14.52,441.67,5300.05,3.62,110.19,1322.25,25.92,311.09,-2.93,1.83,-5.69,-19.83,0.14
cs_agg_12570_35_12561_0,5.5,170.38,1.27,39.48,37.06,10.28,287.91,2.36,66.08,76.96,14.85,460.24,3.54,109.82,90.8,20.22,606.63,4.99,149.83,97.27,20.91,648.19,5.29,163.85,100.57,21.6,647.86,5.6,168.03,53.12,20.51,635.7,5.37,166.48,77.68,19.48,604.02,5.04,156.33,60.05,17.37,521.04,4.36,130.73,73.06,11.81,366.03,2.87,89.03,79.54,6.76,202.84,1.6,48.09,51.3,4.83,149.64,1.13,35.03,29.52,14.52,441.71,5300.47,3.62,110.23,1322.79,25.89,310.67,-2.93,1.84,-5.73,-19.86,0.14
cs_agg_12751_33_12751_34_11845_43,5.41,167.81,1.26,38.93,39.41,10.29,288.06,2.36,66.1,77.97,14.74,457.06,3.52,109.07,91.42,20.18,605.3,4.98,149.47,97.11,20.87,646.92,5.27,163.48,98.78,21.56,646.79,5.59,167.73,55.37,20.5,635.56,5.37,166.41,78.68,19.51,604.77,5.05,156.47,59.48,17.33,519.76,4.35,130.39,72.97,11.78,365.11,2.86,88.8,78.64,6.77,203.15,1.61,48.15,51.24,4.73,146.72,1.11,34.4,29.86,14.48,440.58,5287.0,3.61,109.95,1319.39,25.85,310.17,-2.94,1.84,-5.72,-19.86,0.14
cs_agg_12788_0_12763_0_12771_36,5.47,169.55,1.27,39.33,38.07,10.29,288.08,2.36,66.09,76.5,14.87,461.09,3.55,109.96,91.72,20.28,608.47,5.01,150.27,96.05,20.99,650.62,5.31,164.55,101.83,21.61,648.41,5.61,168.21,53.19,20.53,636.44,5.38,166.67,76.25,19.48,603.97,5.04,156.36,60.31,17.37,521.18,4.36,130.8,73.7,11.82,366.51,2.87,89.12,79.59,6.73,202.01,1.6,47.92,52.1,4.81,149.0,1.13,34.88,28.72,14.54,442.11,5305.33,3.63,110.35,1324.18,25.72,308.65,-2.93,1.83,-5.74,-19.87,0.14
cs_agg_10661_0_10064_29_10663_31_10066_0,5.4,167.46,1.25,38.9,39.37,10.29,287.99,2.36,66.07,77.92,14.75,457.24,3.52,109.04,91.38,20.17,605.15,4.98,149.44,97.09,20.85,646.44,5.27,163.47,98.75,21.56,646.74,5.59,167.72,55.37,20.5,635.49,5.37,166.4,78.67,19.5,604.58,5.05,156.45,59.46,17.32,519.55,4.35,130.36,72.95,11.77,365.02,2.86,88.77,78.61,6.77,202.98,1.6,48.12,51.21,4.73,146.59,1.11,34.37,29.83,14.48,440.44,5285.23,3.61,109.93,1319.11,25.84,310.04,-2.94,1.83,-5.72,-19.87,0.14
cs_agg_9908_53_9922_0,5.34,165.59,1.24,38.43,37.72,9.96,278.97,2.3,64.26,73.87,14.53,450.5,3.47,107.7,92.44,20.0,600.11,4.93,148.04,95.87,21.0,651.1,5.31,164.5,100.09,21.58,647.45,5.59,167.69,54.12,20.5,635.55,5.36,166.15,79.35,19.44,602.7,5.02,155.67,60.06,17.31,519.29,4.34,130.18,73.69,11.65,361.06,2.83,87.76,78.81,6.57,197.03,1.56,46.74,49.31,4.56,141.3,1.07,33.25,30.17,14.39,437.55,5250.65,3.59,109.2,1310.36,23.88,286.5,-2.95,1.80,-5.68,-19.86,0.14
cs_agg_12434_34_12434_35,5.39,166.99,1.25,38.78,36.08,10.12,283.37,2.33,65.14,78.88,14.67,454.86,3.5,108.6,92.39,20.27,607.95,5.0,150.13,97.17,20.97,649.95,5.3,164.31,97.02,21.66,649.75,5.62,168.54,54.09,20.53,636.34,5.38,166.7,77.63,19.46,603.36,5.04,156.17,61.65,17.33,519.86,4.35,130.46,72.47,11.8,365.73,2.87,88.98,79.3,6.74,202.27,1.6,48.0,50.43,4.69,145.37,1.1,34.14,28.91,14.48,440.49,5285.82,3.62,109.99,1319.93,25.66,307.88,-2.95,1.83,-5.77,-19.91,0.14
cs_agg_11804_21_10538_19_11166_21_10970_26_10537_0_10538_20,5.46,169.23,1.27,39.26,37.99,10.28,287.76,2.36,66.02,76.39,14.87,460.83,3.54,109.89,91.63,20.28,608.31,5.01,150.23,95.99,20.99,650.59,5.31,164.54,101.81,21.61,648.37,5.61,168.2,53.17,20.53,636.39,5.38,166.65,76.23,19.48,603.86,5.04,156.33,60.29,17.37,520.96,4.36,130.74,73.64,11.81,366.22,2.87,89.05,79.48,6.73,201.78,1.6,47.87,52.0,4.8,148.65,1.12,34.81,28.63,14.53,441.91,5302.97,3.63,110.3,1323.6,25.69,308.31,-2.93,1.83,-5.73,-19.87,0.14
cs_agg_10537_16_10538_0,5.38,166.77,1.25,38.69,36.62,10.1,282.68,2.32,65.01,78.87,14.73,456.68,3.52,109.09,92.13,20.27,608.16,5.01,150.25,98.21,21.09,653.69,5.33,165.22,98.28,21.7,651.0,5.63,168.86,53.29,20.55,636.97,5.38,166.8,76.25,19.51,604.81,5.05,156.58,61.87,17.36,520.84,4.36,130.73,73.83,11.82,366.44,2.87,89.11,79.03,6.75,202.5,1.6,48.06,50.4,4.74,146.86,1.11,34.47,28.93,14.51,441.45,5297.41,3.62,110.24,1322.88,26.26,315.13,-2.94,1.82,-5.76,-19.91,0.14
cs_agg_10948_0_10802_38,5.46,169.38,1.27,39.3,38.03,10.28,287.91,2.36,66.05,76.44,14.87,460.94,3.55,109.92,91.67,20.28,608.39,5.01,150.25,96.01,20.99,650.63,5.31,164.55,101.83,21.61,648.39,5.61,168.2,53.18,20.53,636.41,5.38,166.66,76.24,19.48,603.93,5.04,156.35,60.3,17.37,521.07,4.36,130.77,73.66,11.82,366.34,2.87,89.07,79.53,6.73,201.83,1.6,47.88,52.04,4.8,148.8,1.12,34.84,28.67,14.53,442.0,5304.03,3.63,110.32,1323.85,25.71,308.52,-2.93,1.83,-5.74,-19.87,0.14
cs_agg_11880_0_10675_0_11986_0,5.5,170.45,1.27,39.48,37.82,10.25,287.1,2.36,66.03,76.35,14.7,455.56,3.52,109.1,90.09,20.13,603.95,4.97,149.09,96.81,20.92,648.43,5.29,163.87,100.79,21.55,646.37,5.59,167.59,54.78,20.49,635.18,5.36,166.25,77.88,19.45,603.02,5.03,155.96,59.22,17.3,519.06,4.34,130.25,73.0,11.81,366.09,2.87,89.02,78.89,6.72,201.62,1.59,47.82,51.02,4.75,147.12,1.11,34.5,30.49,14.48,440.33,5283.96,3.61,109.91,1318.97,24.69,296.26,-2.93,1.80,-5.72,-19.88,0.14
cs_agg_11968_0_9873_0,5.49,170.22,1.27,39.38,37.7,10.25,286.92,2.35,65.94,76.21,14.69,455.26,3.52,109.01,89.96,20.13,603.76,4.97,149.03,96.71,20.92,648.41,5.29,163.84,100.74,21.54,646.22,5.59,167.58,54.75,20.48,634.84,5.36,166.23,77.85,19.44,602.75,5.03,155.91,59.18,17.29,518.79,4.34,130.16,72.91,11.79,365.61,2.87,88.9,78.74,6.71,201.28,1.59,47.71,50.86,4.73,146.75,1.11,34.39,30.36,14.47,440.07,5280.81,3.61,109.84,1318.08,24.65,295.85,-2.94,1.81,-5.72,-19.87,0.14
cs_agg_10675_37_10671_0_11957_0_11962_49_10671_1_11957_1,5.34,165.54,1.24,38.44,37.73,9.97,279.22,2.3,64.27,73.87,14.52,450.07,3.47,107.7,92.45,20.01,600.16,4.93,148.04,95.88,21.01,651.44,5.31,164.5,100.08,21.57,647.23,5.59,167.7,54.13,20.51,635.71,5.36,166.16,79.36,19.45,602.86,5.02,155.68,60.06,17.32,519.49,4.34,130.18,73.7,11.65,361.0,2.83,87.76,78.81,6.57,197.13,1.56,46.74,49.32,4.56,141.39,1.07,33.25,30.17,14.39,437.6,5251.23,3.59,109.2,1310.42,23.88,286.5,-2.95,1.80,-5.68,-19.85,0.14
cs_agg_11679_0_11683_37_11679_1,5.39,166.95,1.25,38.77,36.07,10.12,283.32,2.33,65.13,78.86,14.67,454.83,3.5,108.6,92.37,20.26,607.92,5.0,150.12,97.17,20.96,649.91,5.3,164.3,97.0,21.66,649.74,5.62,168.54,54.09,20.53,636.33,5.38,166.69,77.62,19.46,603.33,5.04,156.17,61.64,17.33,519.83,4.35,130.45,72.47,11.8,365.68,2.87,88.96,79.29,6.74,202.23,1.6,47.99,50.42,4.69,145.33,1.1,34.13,28.9,14.48,440.45,5285.41,3.62,109.99,1319.84,25.65,307.84,-2.95,1.83,-5.77,-19.91,0.14
cs_agg_11679_36_11683_0,5.45,169.05,1.26,39.21,38.12,10.31,288.64,2.37,66.26,76.07,14.88,461.33,3.55,109.98,91.51,20.29,608.67,5.01,150.29,96.15,21.01,651.16,5.31,164.61,101.85,21.63,648.86,5.61,168.24,53.23,20.53,636.53,5.37,166.57,77.03,19.48,603.73,5.04,156.27,60.28,17.38,521.32,4.36,130.81,73.84,11.81,366.11,2.87,89.02,79.88,6.71,201.17,1.59,47.71,51.87,4.78,148.32,1.12,34.73,28.49,14.53,442.07,5304.89,3.63,110.31,1323.7,25.74,308.86,-2.93,1.82,-5.7,-19.85,0.14
cs_agg_10671_36_11882_47_11989_25,5.5,170.45,1.27,39.48,37.82,10.25,287.1,2.36,66.03,76.35,14.7,455.56,3.52,109.1,90.08,20.13,603.95,4.97,149.09,96.81,20.92,648.43,5.29,163.87,100.79,21.55,646.37,5.59,167.59,54.78,20.49,635.18,5.36,166.25,77.88,19.45,603.02,5.03,155.96,59.22,17.3,519.05,4.34,130.24,73.0,11.81,366.08,2.87,89.02,78.89,6.72,201.61,1.59,47.81,51.02,4.75,147.12,1.11,34.5,30.49,14.48,440.33,5283.93,3.61,109.91,1318.96,24.69,296.25,-2.93,1.80,-5.72,-19.88,0.14
cs_agg_11518_0_11838_49_11845_0_11523_30,5.38,166.91,1.25,38.75,37.6,10.17,284.78,2.34,65.57,75.73,14.71,456.08,3.52,109.15,93.39,20.27,608.19,5.0,150.13,95.05,21.09,653.78,5.33,165.25,102.3,21.58,647.44,5.6,167.86,54.56,20.48,634.91,5.36,166.01,76.13,19.35,599.88,5.01,155.22,64.32,17.41,522.42,4.37,131.02,72.89,11.71,362.88,2.85,88.25,79.77,6.59,197.59,1.56,46.92,49.71,4.84,150.03,1.13,35.1,30.3,14.48,440.41,5284.91,3.61,109.94,1319.24,24.65,295.86,-2.93,1.79,-5.71,-19.88,0.14
cs_agg_9777_0_9773_29,5.47,169.59,1.27,39.34,38.08,10.29,288.12,2.36,66.1,76.52,14.88,461.13,3.55,109.97,91.73,20.28,608.5,5.01,150.28,96.06,20.99,650.64,5.31,164.56,101.84,21.61,648.42,5.61,168.21,53.19,20.53,636.45,5.38,166.67,76.25,19.48,604.0,5.04,156.37,60.32,17.37,521.23,4.36,130.81,73.71,11.82,366.56,2.88,89.13,79.6,6.74,202.06,1.6,47.93,52.11,4.81,149.04,1.13,34.89,28.73,14.54,442.14,5305.74,3.63,110.36,1324.27,25.72,308.7,-2.93,1.83,-5.74,-19.87,0.14
cs_agg_9777_31_9773_0,5.43,168.48,1.26,39.1,36.47,10.18,285.11,2.34,65.55,79.73,14.71,456.13,3.52,109.03,93.15,20.22,606.45,4.99,149.83,97.79,20.83,645.76,5.27,163.42,96.03,21.51,645.41,5.59,167.61,54.04,20.41,632.66,5.35,165.85,77.21,19.39,601.13,5.02,155.73,61.63,17.33,520.01,4.35,130.55,73.06,11.86,367.73,2.89,89.46,80.56,6.8,204.05,1.61,48.42,51.27,4.74,146.91,1.11,34.47,29.41,14.47,439.98,5279.81,3.61,109.92,1319.01,25.78,309.37,-2.97,1.82,-5.78,-19.94,0.14
cs_agg_11060_0_11067_23,5.44,168.51,1.26,39.03,37.74,10.3,288.48,2.37,66.33,75.8,14.76,457.43,3.53,109.52,90.86,20.27,608.0,5.0,150.06,94.0,21.03,651.89,5.31,164.76,102.53,21.54,646.32,5.59,167.58,53.95,20.44,633.7,5.35,165.84,77.26,19.43,602.28,5.03,155.78,59.83,17.45,523.43,4.38,131.3,72.32,11.78,365.16,2.86,88.79,79.67,6.69,200.65,1.59,47.59,50.33,4.84,149.94,1.13,35.09,32.29,14.51,441.32,5295.8,3.62,110.14,1321.67,24.43,293.14,-2.93,1.80,-5.71,-19.86,0.14
cs_agg_10965_25_10970_0,5.37,166.46,1.25,38.62,36.99,10.09,282.47,2.32,64.93,79.87,14.75,457.22,3.52,109.21,92.05,20.29,608.78,5.01,150.4,97.61,21.18,656.46,5.35,165.88,98.46,21.77,652.99,5.65,169.41,51.61,20.67,640.92,5.41,167.81,75.43,19.61,607.78,5.08,157.38,60.41,17.41,522.31,4.37,131.11,74.79,11.82,366.47,2.87,89.09,78.38,6.69,200.8,1.59,47.67,50.83,4.74,146.86,1.11,34.48,29.9,14.55,442.46,5309.53,3.63,110.5,1326.0,26.32,315.8,-2.94,1.81,-5.77,-19.92,0.13
cs_agg_12123_27_12124_0_10487_0_10481_42,5.37,166.46,1.25,38.62,36.99,10.09,282.47,2.32,64.93,79.87,14.75,457.22,3.52,109.21,92.05,20.29,608.78,5.01,150.4,97.61,21.18,656.46,5.35,165.88,98.46,21.77,652.99,5.65,169.41,51.61,20.67,640.92,5.41,167.81,75.43,19.61,607.78,5.08,157.38,60.41,17.41,522.31,4.37,131.11,74.79,11.82,366.47,2.87,89.09,78.38,6.69,200.8,1.59,47.67,50.83,4.74,146.86,1.11,34.48,29.9,14.55,442.46,5309.53,3.63,110.5,1326.0,26.32,315.8,-2.94,1.81,-5.77,-19.92,0.13
cs_agg_11065_20_11067_0_9852_0_9844_45,5.33,165.38,1.24,38.35,37.98,9.97,279.29,2.29,64.26,75.01,14.58,451.88,3.49,108.13,93.54,20.14,604.26,4.97,149.0,96.58,21.15,655.51,5.34,165.41,100.95,21.63,648.91,5.6,168.0,54.07,20.55,637.16,5.37,166.5,78.68,19.47,603.67,5.03,155.9,60.99,17.37,521.06,4.35,130.54,73.24,11.61,359.91,2.82,87.5,78.09,6.52,195.58,1.55,46.45,49.69,4.56,141.3,1.07,33.23,31.22,14.42,438.66,5263.93,3.6,109.44,1313.28,24.37,292.48,-2.95,1.79,-5.65,-19.84,0.14
cs_agg_11039_0_11037_12,5.41,167.62,1.26,38.93,39.41,10.29,288.15,2.36,66.1,77.98,14.75,457.37,3.52,109.07,91.42,20.17,605.23,4.98,149.47,97.13,20.85,646.48,5.27,163.48,98.76,21.56,646.76,5.59,167.73,55.38,20.5,635.52,5.37,166.41,78.68,19.5,604.64,5.05,156.47,59.47,17.32,519.67,4.35,130.39,72.98,11.78,365.19,2.86,88.81,78.66,6.77,203.14,1.61,48.16,51.26,4.73,146.77,1.11,34.41,29.87,14.48,440.55,5286.54,3.61,109.95,1319.42,25.85,310.19,-2.94,1.83,-5.72,-19.87,0.14
cs_agg_12763_36_12771_0,5.21,161.59,1.21,37.63,37.12,10.01,280.37,2.3,64.53,78.73,14.73,456.72,3.52,109.05,93.68,20.3,608.94,5.01,150.36,95.25,21.19,656.94,5.35,165.95,99.08,21.72,651.63,5.64,169.13,52.34,20.5,635.46,5.36,166.28,73.34,19.58,607.12,5.07,157.21,62.08,17.47,523.95,4.38,131.54,71.28,11.73,363.67,2.85,88.48,81.61,6.72,201.56,1.59,47.79,50.39,4.63,143.44,1.09,33.73,32.22,14.5,440.95,5291.39,3.62,110.14,1321.69,25.2,302.4,-2.94,1.80,-5.78,-19.93,0.14
cs_agg_11475_0_11467_26_11475_1,5.34,165.45,1.24,38.49,36.83,10.13,283.52,2.33,65.21,81.66,14.82,459.47,3.54,109.62,92.25,20.26,607.74,5.01,150.17,96.93,21.09,653.84,5.34,165.5,96.97,21.73,651.92,5.64,169.28,51.3,20.65,640.17,5.41,167.72,76.06,19.62,608.26,5.09,157.64,61.61,17.43,522.83,4.38,131.25,75.57,11.83,366.58,2.88,89.17,78.48,6.72,201.62,1.6,47.86,51.41,4.74,146.86,1.11,34.47,30.22,14.54,442.36,5308.27,3.63,110.53,1326.36,25.8,309.59,-2.97,1.81,-5.78,-19.96,0.13
cs_agg_11475_27_10487_39_10481_0_11467_0,5.51,170.72,1.28,39.56,37.15,10.29,288.26,2.36,66.16,77.08,14.86,460.51,3.54,109.88,90.89,20.23,606.81,5.0,149.88,97.33,20.91,648.27,5.29,163.87,100.6,21.6,647.9,5.6,168.05,53.13,20.51,635.76,5.37,166.49,77.7,19.49,604.15,5.04,156.36,60.09,17.38,521.29,4.36,130.79,73.12,11.82,366.37,2.87,89.12,79.64,6.77,203.17,1.61,48.17,51.4,4.84,150.01,1.13,35.11,29.6,14.53,441.93,5303.21,3.63,110.29,1323.45,25.91,310.96,-2.93,1.84,-5.73,-19.86,0.14
cs_agg_11079_0_11077_9_11079_1_10705_29,5.37,166.32,1.24,38.55,37.54,10.05,281.45,2.31,64.73,74.71,14.4,446.48,3.45,106.99,92.48,19.97,599.18,4.93,147.92,96.84,20.82,645.5,5.26,163.09,97.96,21.45,643.4,5.56,166.87,56.0,20.37,631.37,5.33,165.36,79.65,19.29,598.11,4.99,154.77,59.07,17.14,514.15,4.3,129.05,72.22,11.59,359.35,2.82,87.45,79.05,6.53,195.98,1.55,46.55,51.07,4.58,141.97,1.08,33.37,29.23,14.31,435.27,5223.26,3.57,108.72,1304.68,24.31,291.69,-2.95,1.81,-5.77,-19.93,0.14
cs_agg_11079_10_11077_0,5.3,164.23,1.23,38.07,38.3,9.87,276.33,2.27,63.59,72.73,14.32,443.94,3.43,106.31,93.18,19.85,595.64,4.9,146.94,97.02,20.86,646.79,5.27,163.29,98.27,21.49,644.62,5.57,167.0,54.03,20.39,632.04,5.33,165.35,79.39,19.3,598.28,4.99,154.61,59.89,17.17,514.96,4.3,129.1,73.33,11.5,356.63,2.8,86.77,79.36,6.47,194.0,1.54,46.08,50.12,4.48,138.73,1.05,32.65,28.59,14.26,433.85,5206.18,3.56,108.31,1299.77,23.46,281.53,-2.96,1.80,-5.71,-19.89,0.14
cs_agg_11082_16_10120_31_11085_0_12038_6,5.43,168.21,1.26,39.03,37.73,10.29,288.24,2.37,66.32,75.79,14.76,457.65,3.53,109.52,90.86,20.26,607.82,5.0,150.05,94.01,21.02,651.72,5.31,164.74,102.52,21.54,646.21,5.59,167.58,53.95,20.46,634.17,5.35,165.83,77.25,19.42,602.05,5.03,155.78,59.82,17.45,523.42,4.38,131.29,72.33,11.78,365.14,2.86,88.79,79.68,6.69,200.58,1.59,47.58,50.32,4.84,149.95,1.13,35.09,32.29,14.51,441.26,5295.16,3.62,110.13,1321.61,24.43,293.11,-2.93,1.80,-5.71,-19.87,0.14
cs_agg_9852_46_9844_0,5.43,168.43,1.26,39.02,38.8,10.37,290.48,2.38,66.76,76.17,14.77,457.89,3.54,109.6,89.86,20.2,605.89,4.98,149.55,96.73,20.99,650.69,5.31,164.46,102.5,21.54,646.23,5.59,167.56,53.99,20.48,634.79,5.36,166.14,76.63,19.48,603.83,5.04,156.19,59.73,17.41,522.16,4.37,130.98,72.07,11.83,366.75,2.88,89.16,79.19,6.71,201.44,1.59,47.75,50.96,4.83,149.58,1.13,35.02,32.68,14.52,441.52,5298.18,3.62,110.18,1322.19,24.7,296.39,-2.93,1.81,-5.7,-19.86,0.14
cs_agg_10120_0_10195_0_12049_0,5.34,165.56,1.24,38.5,43.78,9.96,278.96,2.29,64.25,73.77,14.79,458.56,3.52,109.17,97.48,20.43,612.86,5.04,151.11,95.81,21.32,661.04,5.39,167.01,101.51,21.85,655.45,5.65,169.6,53.16,20.67,640.64,5.4,167.31,77.34,19.55,606.14,5.05,156.55,64.99,17.53,525.89,4.39,131.73,73.23,11.66,361.36,2.83,87.88,79.2,6.42,192.58,1.53,45.77,50.43,4.49,139.25,1.06,32.81,29.42,14.52,441.53,5298.3,3.62,110.14,1321.67,24.11,289.37,-2.94,1.81,-5.65,-19.82,0.14
cs_agg_10808_0_11530_0_10808_1_11530_1,5.5,170.37,1.28,39.53,37.11,10.29,288.2,2.36,66.13,77.04,14.86,460.7,3.54,109.86,90.85,20.22,606.67,5.0,149.86,97.31,20.9,647.81,5.29,163.86,100.58,21.59,647.85,5.6,168.04,53.13,20.51,635.69,5.37,166.49,77.69,19.48,603.97,5.04,156.35,60.07,17.37,521.08,4.36,130.77,73.1,11.82,366.29,2.87,89.08,79.61,6.77,203.01,1.6,48.14,51.37,4.84,149.89,1.13,35.08,29.57,14.52,441.79,5301.51,3.63,110.27,1323.19,25.9,310.84,-2.93,1.83,-5.73,-19.87,0.14
cs_agg_9722_0_9722_1,5.48,170.0,1.27,39.39,37.7,10.24,286.71,2.35,65.94,76.21,14.68,455.21,3.52,109.01,89.96,20.12,603.72,4.97,149.03,96.72,20.91,648.32,5.29,163.84,100.74,21.54,646.31,5.59,167.57,54.75,20.49,635.11,5.36,166.23,77.85,19.45,602.85,5.03,155.91,59.18,17.29,518.72,4.34,130.16,72.91,11.79,365.62,2.87,88.91,78.75,6.71,201.16,1.59,47.71,50.87,4.73,146.63,1.11,34.4,30.37,14.47,440.03,5280.36,3.61,109.84,1318.09,24.65,295.85,-2.94,1.80,-5.72,-19.88,0.14
cs_agg_10980_0_10980_1,5.5,170.39,1.27,39.49,37.06,10.28,287.93,2.36,66.09,76.97,14.85,460.25,3.54,109.82,90.8,20.22,606.62,4.99,149.83,97.27,20.91,648.17,5.29,163.85,100.57,21.59,647.82,5.6,168.02,53.11,20.51,635.67,5.37,166.47,77.67,19.48,604.01,5.04,156.32,60.05,17.37,521.04,4.36,130.73,73.06,11.81,366.04,2.87,89.03,79.54,6.76,202.84,1.6,48.1,51.3,4.83,149.64,1.13,35.03,29.52,14.52,441.7,5300.43,3.62,110.23,1322.77,25.89,310.68,-2.93,1.84,-5.73,-19.86,0.14
cs_agg_11090_0_10036_0_12472_0,5.22,161.9,1.21,37.65,39.37,9.83,275.24,2.27,63.44,76.56,14.18,439.57,3.4,105.43,93.16,19.91,597.4,4.92,147.51,96.23,20.78,644.07,5.25,162.76,100.14,21.44,643.14,5.56,166.82,56.65,20.4,632.28,5.34,165.58,81.8,19.29,597.97,4.99,154.7,60.64,17.04,511.26,4.28,128.35,73.6,11.41,353.62,2.78,86.15,79.75,6.45,193.63,1.53,46.05,49.97,4.43,137.39,1.05,32.41,28.85,14.21,432.29,5187.45,3.55,108.07,1296.85,26.6,319.15,-2.97,1.80,-5.83,-20.0,0.14
