route,start_stop_id,end_stop_id,flow_begin,flow_end,period,duration,nr_of_buses,nr_of_repetitions,nr_of_trips_pd,line,depot,type,bothdepots,doubledecker
101_9633,agg_9633_0_9633_1,agg_9633_48_11946_43_11949_0_9646_0,15120,85800,600.0,3860.0,7,18,117,101,cicerostrasse,DL,0,0
101_9646,agg_9633_48_11946_43_11949_0_9646_0,9646_49,1740,85740,600.0,3980.0,7,21,140,101,cicerostrasse,DL,0,0
109_9722,agg_9722_0_9722_1,agg_11643_41_11697_35_10630_17_12477_32_10808_22_9722_19_11978_23_9737_25_11665_39,19860,86160,720.0,1820.0,3,36,92,109,muellerstrasse,EN,0,0
109_9724,agg_9627_0_9735_0_10804_0_11658_0_11946_0_11979_0_11838_17_11649_0_9724_0_10632_0_11941_14_10740_0_12482_0_11703_0,9724_18,19200,86040,600.0,2000.0,4,33,111,109,muellerstrasse,EN,0,0
110_9735,agg_9627_0_9735_0_10804_0_11658_0_11946_0_11979_0_11838_17_11649_0_9724_0_10632_0_11941_14_10740_0_12482_0_11703_0,9735_25,18540,85800,1200.0,1970.0,2,34,56,110,cicerostrasse,EN,0,0
110_9737,agg_9737_0_11857_8_9737_1,agg_11643_41_11697_35_10630_17_12477_32_10808_22_9722_19_11978_23_9737_25_11665_39,1320,85320,1200.0,1940.0,2,43,70,110,cicerostrasse,EN,0,0
115_9773,agg_9777_31_9773_0,agg_9777_0_9773_29,16260,85980,1140.0,2120.0,2,32,61,115,cicerostrasse,EN,0,0
115_9777,agg_9777_0_9773_29,agg_9777_31_9773_0,15420,86100,600.0,2120.0,4,33,117,115,cicerostrasse,EN,0,0
120_9828,agg_9828_0_12475_0,agg_9828_32_10099_29_10103_28_10109_0_10789_24_11082_0_10785_0_10691_0_11085_17_10094_0_10683_32_9836_0,1200,85200,720.0,2420.0,4,34,116,120,muellerstrasse,GN,0,0
120_9836,agg_9828_32_10099_29_10103_28_10109_0_10789_24_11082_0_10785_0_10691_0_11085_17_10094_0_10683_32_9836_0,agg_12472_23_9836_31_9897_34_11923_50_11973_33_12043_1_9852_20,16440,85980,780.0,2420.0,4,28,89,120,muellerstrasse,GN,0,0
122_9844,agg_9852_46_9844_0,agg_11065_20_11067_0_9852_0_9844_45,1320,85320,300.0,3500.0,12,24,280,122,muellerstrasse,GN,0,0
122_9852,agg_11065_20_11067_0_9852_0_9844_45,agg_9852_46_9844_0,1680,85680,300.0,3440.0,12,24,280,122,muellerstrasse,GN,0,0
123_9863,agg_9863_0_9863_1,agg_9863_50_11969_8,16680,86280,300.0,3500.0,12,19,232,123,muellerstrasse,EN,0,0
123_9873,agg_11968_0_9873_0,9873_50,15900,85500,540.0,3800.0,8,18,128,123,muellerstrasse,EN,0,0
124_9889,agg_10142_44_10136_0_9897_50_9889_0,agg_9897_0_9973_34_9889_51_9963_0,1260,85260,600.0,3920.0,7,21,140,124,muellerstrasse,EN,0,0
124_9897,agg_9897_0_9973_34_9889_51_9963_0,agg_10142_44_10136_0_9897_50_9889_0,15480,86280,720.0,3860.0,6,18,98,124,muellerstrasse,EN,0,0
125_9908,agg_10115_0_9908_0_12037_0_9922_53_10818_33_10120_37_12038_12_9929_11_9931_0,agg_9908_53_9922_0,15600,86220,660.0,4160.0,7,16,107,125,muellerstrasse,GN,0,0
125_9922,agg_9908_53_9922_0,agg_10115_0_9908_0_12037_0_9922_53_10818_33_10120_37_12038_12_9929_11_9931_0,15480,86040,1200.0,4040.0,4,17,58,125,muellerstrasse,GN,0,0
128_9929,agg_11516_10_9908_16_10691_9_11882_34_12464_4_9929_0_9844_1_9931_11,agg_10115_0_9908_0_12037_0_9922_53_10818_33_10120_37_12038_12_9929_11_9931_0,16020,86220,600.0,1040.0,2,67,117,128,muellerstrasse,EN,0,0
128_9931,agg_10115_0_9908_0_12037_0_9922_53_10818_33_10120_37_12038_12_9929_11_9931_0,agg_11516_10_9908_16_10691_9_11882_34_12464_4_9929_0_9844_1_9931_11,15360,85440,600.0,980.0,2,71,116,128,muellerstrasse,EN,0,0
150_10115,agg_10115_0_9908_0_12037_0_9922_53_10818_33_10120_37_12038_12_9929_11_9931_0,agg_10115_37_10115_38_10189_36_10189_37,16140,85740,660.0,2600.0,4,26,105,150,muellerstrasse,GN,0,0
150_10120,agg_10120_0_10195_0_12049_0,agg_10115_0_9908_0_12037_0_9922_53_10818_33_10120_37_12038_12_9929_11_9931_0,15960,85800,600.0,2720.0,5,25,116,150,muellerstrasse,GN,0,0
186_10481,agg_11475_27_10487_39_10481_0_11467_0,agg_12123_27_12124_0_10487_0_10481_42,15480,86160,480.0,2960.0,7,23,147,186,cicerostrasse,DL,0,0
186_10487,agg_12123_27_12124_0_10487_0_10481_42,agg_11475_27_10487_39_10481_0_11467_0,16680,86340,600.0,3020.0,6,23,116,186,cicerostrasse,DL,0,0
187_10498,10498_0,agg_10437_17_10498_41,15060,85560,600.0,3380.0,6,20,117,187,cicerostrasse,EN,1,0
188_10537,agg_11804_21_10538_19_11166_21_10970_26_10537_0_10538_20,agg_10537_16_10538_0,19680,85680,1200.0,1100.0,1,60,55,188,cicerostrasse,EN,0,0
188_10538,agg_10537_16_10538_0,agg_11804_21_10538_19_11166_21_10970_26_10537_0_10538_20,19440,85560,1200.0,1400.0,2,47,55,188,cicerostrasse,EN,0,0
218_10661,agg_10661_0_10064_29_10663_31_10066_0,10661_32,33120,61800,7200.0,2960.0,1,9,3,218,cicerostrasse,GN,0,1
218_10663,10663_0,agg_10661_0_10064_29_10663_31_10066_0,36240,65040,7200.0,3020.0,1,9,4,218,cicerostrasse,GN,0,1
220_10671,agg_10675_37_10671_0_11957_0_11962_49_10671_1_11957_1,agg_10671_36_11882_47_11989_25,1200,85200,1200.0,2660.0,3,31,70,220,muellerstrasse,GN,0,0
220_10675,agg_11880_0_10675_0_11986_0,agg_10675_37_10671_0_11957_0_11962_49_10671_1_11957_1,1560,85560,1200.0,2660.0,3,31,70,220,muellerstrasse,GN,0,0
221_10683,agg_11973_30_9852_17_10683_0_9836_28,agg_9828_32_10099_29_10103_28_10109_0_10789_24_11082_0_10785_0_10691_0_11085_17_10094_0_10683_32_9836_0,15840,85620,600.0,2540.0,5,27,116,221,muellerstrasse,GN,0,0
221_10691,agg_9828_32_10099_29_10103_28_10109_0_10789_24_11082_0_10785_0_10691_0_11085_17_10094_0_10683_32_9836_0,agg_9828_4_11970_4_10691_33_9844_29,16560,85680,1020.0,2540.0,3,27,67,221,muellerstrasse,GN,0,0
222_10695,agg_11967_43_11963_0_10695_0_10705_33,agg_11967_0_11967_1_11963_44_10695_33_10705_0_10705_1,17220,85560,600.0,2300.0,4,29,113,222,muellerstrasse,GN,0,0
222_10705,agg_11967_0_11967_1_11963_44_10695_33_10705_0_10705_1,agg_11967_43_11963_0_10695_0_10705_33,16200,86100,960.0,2390.0,3,29,72,222,muellerstrasse,GN,0,0
245_10740,agg_9627_0_9735_0_10804_0_11658_0_11946_0_11979_0_11838_17_11649_0_9724_0_10632_0_11941_14_10740_0_12482_0_11703_0,agg_10740_22_10099_15,1560,85560,420.0,1940.0,5,43,200,245,muellerstrasse,GN,0,0
247_10785,agg_9828_32_10099_29_10103_28_10109_0_10789_24_11082_0_10785_0_10691_0_11085_17_10094_0_10683_32_9836_0,10785_23,1200,85200,600.0,1940.0,4,43,140,247,muellerstrasse,EN,0,0
247_10789,10789_0,agg_9828_32_10099_29_10103_28_10109_0_10789_24_11082_0_10785_0_10691_0_11085_17_10094_0_10683_32_9836_0,18300,86100,1110.0,1940.0,2,34,61,247,muellerstrasse,EN,0,0
249_10804,agg_9627_0_9735_0_10804_0_11658_0_11946_0_11979_0_11838_17_11649_0_9724_0_10632_0_11941_14_10740_0_12482_0_11703_0,agg_10804_21_10804_22_11538_46_11538_47_10481_5,16200,85800,600.0,1640.0,3,42,116,249,cicerostrasse,EN,0,0
249_10808,agg_10808_0_11530_0_10808_1_11530_1,agg_11643_41_11697_35_10630_17_12477_32_10808_22_9722_19_11978_23_9737_25_11665_39,16500,86220,600.0,1700.0,3,41,116,249,cicerostrasse,EN,0,0
282_10948,agg_10948_0_10802_38,10948_29,17400,85740,600.0,2300.0,4,29,113,282,cicerostrasse,DL,0,0
283_10956,agg_10994_1_12123_0_10959_25_10336_34_10329_0_10956_0,agg_10959_0_10956_24_12115_27_12434_14_11773_6_10959_1_11776_10_12113_22_12422_21,15960,85560,1200.0,1940.0,2,35,58,283,cicerostrasse,EN,0,0
283_10959,agg_10959_0_10956_24_12115_27_12434_14_11773_6_10959_1_11776_10_12113_22_12422_21,agg_10994_1_12123_0_10959_25_10336_34_10329_0_10956_0,1260,85260,1200.0,1790.0,2,46,70,283,cicerostrasse,EN,0,0
284_10965,agg_10965_0_10970_27,agg_10965_25_10970_0,1380,85380,1200.0,1760.0,2,47,70,284,cicerostrasse,EN,0,0
284_10970,agg_10965_25_10970_0,agg_10965_0_10970_27,16740,86340,1200.0,1940.0,2,35,58,284,cicerostrasse,EN,0,0
285_10980,agg_10980_0_10980_1,agg_10994_0_10980_36,15660,85260,660.0,2480.0,4,28,105,285,cicerostrasse,DL,0,0
285_10994,agg_10994_0_10980_36,10994_37,1980,85980,600.0,2540.0,5,33,140,285,cicerostrasse,DL,0,0
309_11037,agg_11039_11_11037_0_12607_19_12605_0_11037_1_12605_1_12497_20_12499_0_12499_1,agg_11039_0_11037_12,19260,79260,1200.0,920.0,1,65,50,309,cicerostrasse,EN,0,0
309_11039,agg_11039_0_11037_12,agg_11039_11_11037_0_12607_19_12605_0_11037_1_12605_1_12497_20_12499_0_12499_1,20040,80040,1200.0,980.0,1,61,50,309,cicerostrasse,EN,0,0
322_11065,agg_9828_20_11060_9_11065_0_11957_27,agg_11065_20_11067_0_9852_0_9844_45,21000,69780,1200.0,1520.0,2,32,40,322,muellerstrasse,EN,0,0
322_11067,agg_11065_20_11067_0_9852_0_9844_45,agg_11060_0_11067_23,22740,69480,1200.0,1700.0,2,27,38,322,muellerstrasse,EN,0,0
324_11077,agg_11079_10_11077_0,agg_11079_0_11077_9_11079_1_10705_29,21540,73740,1800.0,560.0,1,93,29,324,muellerstrasse,EN,0,0
324_11079,agg_11079_0_11077_9_11079_1_10705_29,agg_11079_10_11077_0,22620,74820,1800.0,560.0,1,93,29,324,muellerstrasse,EN,0,0
327_11082,agg_9828_32_10099_29_10103_28_10109_0_10789_24_11082_0_10785_0_10691_0_11085_17_10094_0_10683_32_9836_0,agg_11082_16_10120_31_11085_0_12038_6,21360,71640,1200.0,1460.0,2,34,41,327,muellerstrasse,EN,0,0
327_11085,agg_11082_16_10120_31_11085_0_12038_6,agg_9828_32_10099_29_10103_28_10109_0_10789_24_11082_0_10785_0_10691_0_11085_17_10094_0_10683_32_9836_0,22500,72780,1200.0,1400.0,2,35,41,327,muellerstrasse,EN,0,0
M11_11407,11407_0,11407_61,3180,85800,600.0,4700.0,8,17,137,M11,cicerostrasse,GN,0,0
M19_11467,agg_11475_27_10487_39_10481_0_11467_0,agg_11475_0_11467_26_11475_1,420,85620,660.0,2420.0,4,35,129,M19,cicerostrasse,GN,0,0
M19_11475,agg_11475_0_11467_26_11475_1,agg_11475_27_10487_39_10481_0_11467_0,1860,86040,600.0,2360.0,4,35,140,M19,cicerostrasse,GN,0,0
M21_11514,agg_11514_0_12043_0,agg_11514_32_11516_0_12464_0_12462_15_11516_1_12464_1,1740,85320,600.0,2360.0,4,35,139,M21,muellerstrasse,GN,0,0
M21_11516,agg_11514_32_11516_0_12464_0_12462_15_11516_1_12464_1,agg_11516_32_11970_0_12041_8_11921_0,1920,85320,600.0,2300.0,4,36,139,M21,muellerstrasse,GN,0,0
M27_11518,agg_11518_0_11838_49_11845_0_11523_30,agg_11518_32_11523_0,3180,86220,360.0,2780.0,8,29,230,M27,muellerstrasse,GN,0,0
M27_11523,agg_11518_32_11523_0,agg_11518_0_11838_49_11845_0_11523_30,1680,85200,360.0,2840.0,8,29,232,M27,muellerstrasse,GN,0,0
M29_11530,agg_10808_0_11530_0_10808_1_11530_1,agg_11538_0_11530_46,1320,85320,480.0,3980.0,9,21,175,M29,cicerostrasse,DL,0,0
M29_11538,agg_11538_0_11530_46,agg_10804_21_10804_22_11538_46_11538_47_10481_5,3180,85860,300.0,3800.0,13,21,275,M29,cicerostrasse,DL,0,0
M46_11658,agg_9627_0_9735_0_10804_0_11658_0_11946_0_11979_0_11838_17_11649_0_9724_0_10632_0_11941_14_10740_0_12482_0_11703_0,11658_39,1500,85500,540.0,3560.0,7,23,155,M46,cicerostrasse,DL,0,0
M46_11665,agg_11665_0_10437_34_11665_1,agg_11643_41_11697_35_10630_17_12477_32_10808_22_9722_19_11978_23_9737_25_11665_39,1440,85440,540.0,3560.0,7,23,155,M46,cicerostrasse,DL,0,0
M48_11679,agg_11679_0_11683_37_11679_1,agg_11679_36_11683_0,2520,85860,600.0,3200.0,6,26,138,M48,cicerostrasse,GN,0,0
M48_11683,agg_11679_36_11683_0,agg_11679_0_11683_37_11679_1,1920,84900,600.0,3560.0,6,23,138,M48,cicerostrasse,GN,0,0
M76_11755,agg_10437_0_11755_0_12113_0_10437_1_11755_1_12113_1_11941_24,agg_10385_45_10395_0_11755_32_11759_0,1920,86280,600.0,2480.0,5,34,140,M76,cicerostrasse,GN,0,0
M76_11759,agg_10385_45_10395_0_11755_32_11759_0,agg_10444_40_11759_32_12115_49,1620,85440,600.0,2720.0,5,30,139,M76,cicerostrasse,GN,0,0
M82_11800,agg_11800_0_11164_0_11804_22_11166_22,11800_21,2100,85620,600.0,1640.0,3,50,139,M82,cicerostrasse,DL,0,0
M82_11804,11804_0,agg_11800_0_11164_0_11804_22_11166_22,2160,85500,600.0,1700.0,3,49,138,M82,cicerostrasse,DL,0,0
X11_12422,12422_0,agg_10258_1_10221_30_10312_0_10312_1_12434_0_12422_35_10315_28_10882_1,15780,85860,600.0,4400.0,8,15,116,X11,muellerstrasse,GN,0,0
X11_12434,agg_10258_1_10221_30_10312_0_10312_1_12434_0_12422_35_10315_28_10882_1,agg_12434_34_12434_35,15780,86160,1080.0,4340.0,5,16,65,X11,muellerstrasse,GN,0,0
X33_12472,agg_11090_0_10036_0_12472_0,agg_12472_23_9836_31_9897_34_11923_50_11973_33_12043_1_9852_20,19020,82620,600.0,2780.0,5,22,106,X33,muellerstrasse,GN,0,0
X33_12475,agg_9828_0_12475_0,agg_10045_25_11089_9_12475_23,19320,79320,600.0,2780.0,5,21,100,X33,muellerstrasse,GN,0,0
X83_12561,agg_12570_35_12561_0,agg_12113_47_12561_34_12556_9,15960,85560,540.0,2900.0,6,24,128,X83,cicerostrasse,GN,0,1
X83_12570,agg_12115_0_12558_0_12570_0,agg_12570_35_12561_0,1200,85380,540.0,3140.0,6,26,155,X83,cicerostrasse,GN,0,1
143_12751,12751_0,agg_12751_33_12751_34_11845_43,1800,86040,1200.0,2540.0,3,33,70,143,cicerostrasse,EN,0,0
M43_12763,agg_12788_0_12763_0_12771_36,agg_12763_36_12771_0,1260,85260,480.0,3200.0,7,26,175,M43,cicerostrasse,GN,0,0
M43_12771,agg_12763_36_12771_0,agg_12788_0_12763_0_12771_36,1860,85620,360.0,3200.0,9,26,232,M43,cicerostrasse,GN,0,0
