station_id,3600,7200,10800,14400,18000,21600,25200,28800,32400,36000,39600,43200,46800,50400,54000,57600,61200,64800,68400,72000,75600,79200,82800,86400
cd_Muellerstrasse_01,0.0,0.0,0.0,0.0,0.0,0.0,5.0529866,152.95155,312.8595,450.4781,534.82697,64.2077,80.21002,406.05585,706.8911,454.81738,489.8481,376.07397,209.75784,98.19533,6.388321,0.0,0.0,0.0
cd_Cicerostrasse_01,0.0,0.0,0.0,0.0,0.0,0.0,5.1590176,154.69571,289.2858,400.90784,495.05615,66.20136,81.696686,447.88416,660.0565,542.8546,452.6905,429.66855,164.05453,91.10288,11.645016,0.0,0.0,0.0
cs_9735_25,0.0,0.0,0.0,0.0,0.0,0.0,4.467135,159.79378,290.7493,396.28226,455.8999,66.20175,89.167915,455.0618,646.4062,494.5635,442.60434,419.13654,175.29286,90.27168,5.106247,0.0,0.0,0.0
cs_10994_37,0.0,0.0,0.0,0.0,0.0,0.0,4.467135,159.79153,290.74652,396.28046,455.89902,66.20175,89.167915,455.06174,646.4059,494.56342,442.60443,419.13782,175.29324,90.27204,5.106247,0.0,0.0,0.0
cs_11407_0,0.0,0.0,0.0,0.0,0.0,0.0,19.4997,156.93996,290.3864,403.62152,509.52103,76.793655,73.15866,466.70508,660.22516,614.99,527.7422,403.1678,90.41118,28.614344,10.879562,0.0,0.0,0.0
cs_11407_61,0.0,0.0,0.0,0.0,0.0,0.0,4.467135,159.81133,290.7627,396.2881,455.90167,66.20175,89.167915,455.06168,646.4049,494.56238,442.60187,419.12848,175.29134,90.270676,5.106247,0.0,0.0,0.0
cs_11658_39,0.0,0.0,0.0,0.0,0.0,0.0,8.022941,161.23537,289.3781,405.49167,500.45886,78.44823,78.23652,484.28348,672.9111,628.9578,330.51093,431.5513,167.85881,23.057236,32.5277,0.0,0.0,0.0
cs_11800_21,0.0,0.0,0.0,0.0,0.0,0.0,7.2949324,159.18837,287.0421,406.98016,500.4449,75.16425,83.20307,490.64627,675.95325,619.1271,367.9449,421.06442,150.97035,30.995228,31.722332,0.0,0.0,0.0
cs_12751_0,0.0,0.0,0.0,0.0,0.0,0.0,5.1590176,154.71527,289.31363,400.92712,495.06827,66.20136,81.696686,447.8851,660.0597,542.85547,452.68887,429.655,164.05173,91.09918,11.645016,0.0,0.0,0.0
cs_10661_32,0.0,0.0,0.0,0.0,0.0,0.0,22.63681,165.98805,283.00964,394.41632,55.813915,72.10387,246.57062,484.76358,565.82635,529.9533,511.1991,376.19785,211.65877,89.781815,5.1161594,0.0,0.0,0.0
cs_10948_29,0.0,0.0,0.0,0.0,0.0,0.0,8.022941,161.20766,289.35452,405.47803,500.45187,78.44823,78.23652,484.28326,672.91156,628.9603,330.51193,431.56573,167.86143,23.057236,32.528465,0.0,0.0,0.0
cs_11804_0,0.0,0.0,0.0,0.0,0.0,0.0,7.2949324,159.18779,287.04187,406.98016,500.445,75.16425,83.20307,490.64627,675.95337,619.12726,367.94492,421.0646,150.97035,30.995228,31.722326,0.0,0.0,0.0
cs_10789_0,0.0,0.0,0.0,0.0,0.0,0.0,5.866476,155.52103,290.1599,401.79132,496.06192,66.1359,81.60661,448.18063,660.1644,543.03424,452.3503,430.06482,163.97261,91.016884,11.638774,0.0,0.0,0.0
cs_9873_50,0.0,0.0,0.0,0.0,0.0,0.0,5.866476,155.50455,290.1458,401.78488,496.05933,66.1359,81.60661,448.1808,660.166,543.0361,452.35318,430.07407,163.97379,91.01796,11.638774,0.0,0.0,0.0
cs_12422_0,0.0,0.0,0.0,0.0,0.0,0.0,9.486014,166.20575,285.43604,399.9461,342.9679,67.10137,126.81218,520.7746,570.1951,593.6257,340.75192,396.77396,174.01335,47.34241,5.108898,0.0,0.0,0.0
cs_10663_0,0.0,0.0,0.0,0.0,0.0,0.0,22.63681,165.98796,283.00958,394.41632,55.813915,72.10387,246.57062,484.76358,565.82635,529.9533,511.1991,376.19788,211.65878,89.78182,5.1161594,0.0,0.0,0.0
cs_9724_18,0.0,0.0,0.0,0.0,0.0,0.0,4.469894,161.06659,289.55487,402.07767,305.82162,62.981636,85.87849,409.2423,644.21313,463.17957,453.15958,382.76498,244.01779,103.80131,5.118306,0.0,0.0,0.0
cs_10785_23,0.0,0.0,0.0,0.0,0.0,0.0,5.866476,155.52063,290.1594,401.791,496.0617,66.1359,81.60661,448.18057,660.1644,543.03424,452.3503,430.0651,163.97266,91.016945,11.638774,0.0,0.0,0.0
cs_10498_0,0.0,0.0,0.0,0.0,0.0,0.0,5.1594667,159.76671,291.58432,397.0817,455.90457,66.203575,89.170006,455.06195,646.3956,493.78256,441.81787,419.10342,175.29031,90.27141,5.1066194,0.0,0.0,0.0
cs_9646_49,0.0,0.0,0.0,0.0,0.0,0.0,5.1594667,159.77007,291.58716,397.08307,455.9051,66.203575,89.170006,455.06195,646.3955,493.78235,441.81744,419.10175,175.28998,90.27115,5.1066194,0.0,0.0,0.0
cs_agg_9627_0_9735_0_10804_0_11658_0_11946_0_11979_0_11838_17_11649_0_9724_0_10632_0_11941_14_10740_0_12482_0_11703_0,0.0,0.0,0.0,0.0,0.0,0.0,5.1594667,159.754,291.5775,397.08032,455.905,66.203575,89.170006,455.06232,646.3977,493.784,441.82007,419.10855,175.29092,90.27152,5.1066194,0.0,0.0,0.0
cs_agg_9633_0_9633_1,0.0,0.0,0.0,0.0,0.0,0.0,5.1594667,159.77147,291.58832,397.08368,455.9053,66.203575,89.170006,455.06195,646.39545,493.78232,441.8173,419.10114,175.28984,90.27106,5.1066194,0.0,0.0,0.0
cs_agg_9633_48_11946_43_11949_0_9646_0,0.0,0.0,0.0,0.0,0.0,0.0,5.1571207,166.55498,287.66183,401.47375,489.52484,70.28947,103.31255,510.9282,613.0456,606.87775,338.41708,405.86224,151.123,51.34725,10.1402445,0.0,0.0,0.0
cs_agg_9828_0_12475_0,0.0,0.0,0.0,0.0,0.0,0.0,6.580461,154.39932,290.44556,396.13092,500.50488,63.749928,78.35805,385.40576,658.64557,518.28687,463.85275,413.606,254.60956,105.18252,13.178881,0.0,0.0,0.0
cs_agg_11516_32_11970_0_12041_8_11921_0,0.0,0.0,0.0,0.0,0.0,0.0,6.580461,154.39932,290.44556,396.13092,500.50488,63.749928,78.35805,385.40576,658.64557,518.28687,463.85275,413.606,254.60956,105.18252,13.178881,0.0,0.0,0.0
cs_agg_9828_4_11970_4_10691_33_9844_29,0.0,0.0,0.0,0.0,0.0,0.0,6.580461,154.39024,290.43665,396.12668,500.5027,63.749928,78.35805,385.40576,658.64594,518.28754,463.85443,413.611,254.61484,105.18418,13.178881,0.0,0.0,0.0
cs_agg_9828_32_10099_29_10103_28_10109_0_10789_24_11082_0_10785_0_10691_0_11085_17_10094_0_10683_32_9836_0,0.0,0.0,0.0,0.0,0.0,0.0,5.866476,155.50516,290.14172,401.78027,496.0556,66.1359,81.60661,448.18027,660.1639,543.0346,452.3523,430.07492,163.97435,91.01894,11.638774,0.0,0.0,0.0
cs_agg_9863_0_9863_1,0.0,0.0,0.0,0.0,0.0,0.0,5.866476,155.5055,290.14664,401.78525,496.05948,66.1359,81.60661,448.1808,660.1659,543.0359,452.35303,430.0736,163.97374,91.01789,11.638774,0.0,0.0,0.0
cs_agg_9863_50_11969_8,0.0,0.0,0.0,0.0,0.0,0.0,4.467011,165.96469,289.26678,401.65265,202.45773,67.01938,95.816246,471.7815,639.5349,503.17044,370.3899,394.22412,204.53786,72.63614,5.1061096,0.0,0.0,0.0
cs_agg_9897_0_9973_34_9889_51_9963_0,0.0,0.0,0.0,0.0,0.0,0.0,5.159926,166.01454,289.4673,401.92987,275.9378,63.86177,82.63352,367.05667,657.6395,560.26605,412.87973,364.0016,197.72961,149.19441,17.033104,0.0,0.0,0.0
cs_agg_11514_0_12043_0,0.0,0.0,0.0,0.0,0.0,0.0,6.580461,154.39618,290.44247,396.12946,500.50415,63.749928,78.35805,385.40576,658.6458,518.28705,463.85333,413.60776,254.61136,105.18308,13.178881,0.0,0.0,0.0
cs_agg_12472_23_9836_31_9897_34_11923_50_11973_33_12043_1_9852_20,0.0,0.0,0.0,0.0,0.0,0.0,6.580461,154.39618,290.44247,396.12946,500.50415,63.749928,78.35805,385.40576,658.6458,518.28705,463.85333,413.60776,254.61136,105.18308,13.178881,0.0,0.0,0.0
cs_agg_10142_44_10136_0_9897_50_9889_0,0.0,0.0,0.0,0.0,0.0,0.0,5.164932,158.46835,290.61932,397.71744,508.1422,63.751137,74.22151,285.17703,660.1184,526.04236,470.0416,416.63605,118.53673,102.89617,8.692094,0.0,0.0,0.0
cs_agg_10045_25_11089_9_12475_23,0.0,0.0,0.0,0.0,0.0,0.0,10.234409,170.26477,285.52402,397.76837,60.71539,69.567894,146.77324,469.05206,569.3959,558.1069,489.33456,372.73703,208.75203,85.70987,5.1113234,0.0,0.0,0.0
cs_agg_10740_22_10099_15,0.0,0.0,0.0,0.0,0.0,0.0,5.866476,155.51419,290.15442,401.78903,496.06113,66.1359,81.60661,448.18073,660.16534,543.03503,452.3515,430.06866,163.97304,91.01725,11.638774,0.0,0.0,0.0
cs_agg_10115_0_9908_0_12037_0_9922_53_10818_33_10120_37_12038_12_9929_11_9931_0,0.0,0.0,0.0,0.0,0.0,0.0,6.580461,154.38795,290.4434,396.13458,500.50977,63.749928,78.35805,385.40625,658.6502,518.2898,463.8564,413.61032,254.60846,105.18041,13.178881,0.0,0.0,0.0
cs_agg_10115_37_10115_38_10189_36_10189_37,0.0,0.0,0.0,0.0,0.0,0.0,6.58296,161.88264,293.01013,402.58057,510.90186,62.111485,74.08822,270.4279,659.53906,491.77472,440.7973,410.19913,112.78598,95.860825,7.2338285,0.0,0.0,0.0
cs_agg_10258_1_10221_30_10312_0_10312_1_12434_0_12422_35_10315_28_10882_1,0.0,0.0,0.0,0.0,0.0,0.0,19.4997,156.93971,290.38623,403.62146,509.52103,76.793655,73.15866,466.70508,660.2252,614.99005,527.7423,403.16788,90.41118,28.614344,10.879562,0.0,0.0,0.0
cs_agg_10385_45_10395_0_11755_32_11759_0,0.0,0.0,0.0,0.0,0.0,0.0,11.748268,160.05992,291.64792,406.26688,501.97787,68.61008,91.496574,512.8267,650.0966,617.59033,397.9502,419.56003,138.81616,18.373583,21.644619,0.0,0.0,0.0
cs_agg_10437_0_11755_0_12113_0_10437_1_11755_1_12113_1_11941_24,0.0,0.0,0.0,0.0,0.0,0.0,5.1590176,154.70541,289.30096,400.91885,495.06323,66.20136,81.696686,447.88474,660.0587,542.8554,452.6899,429.66153,164.05296,91.10075,11.645016,0.0,0.0,0.0
cs_agg_10437_17_10498_41,0.0,0.0,0.0,0.0,0.0,0.0,7.2949324,159.20633,287.05103,406.98172,500.4437,75.16425,83.20307,490.6454,675.94965,619.12256,367.94333,421.0569,150.96996,30.995228,31.72249,0.0,0.0,0.0
cs_agg_11665_0_10437_34_11665_1,0.0,0.0,0.0,0.0,0.0,0.0,8.022941,161.23132,289.37482,405.48984,500.45798,78.44823,78.23652,484.28348,672.9112,628.9583,330.51108,431.55328,167.85916,23.057236,32.527794,0.0,0.0,0.0
cs_agg_10444_40_11759_32_12115_49,0.0,0.0,0.0,0.0,0.0,0.0,5.1590176,154.70532,289.3011,400.919,495.06332,66.20136,81.696686,447.8848,660.05884,542.8554,452.68997,429.66153,164.05295,91.100716,11.645016,0.0,0.0,0.0
cs_agg_10804_21_10804_22_11538_46_11538_47_10481_5,0.0,0.0,0.0,0.0,0.0,0.0,4.467135,159.81137,290.75827,396.2837,455.89902,66.20175,89.167915,455.06116,646.4031,494.56152,442.6013,419.12952,175.29208,90.27162,5.106247,0.0,0.0,0.0
cs_agg_10994_0_10980_36,0.0,0.0,0.0,0.0,0.0,0.0,5.1590176,154.69853,289.2966,400.91782,495.06345,66.20136,81.696686,447.885,660.06006,542.85657,452.6913,429.66498,164.05328,91.10085,11.645016,0.0,0.0,0.0
cs_agg_10994_1_12123_0_10959_25_10336_34_10329_0_10956_0,0.0,0.0,0.0,0.0,0.0,0.0,5.1590176,154.69728,289.29556,400.91733,495.06323,66.20136,81.696686,447.885,660.0602,542.8566,452.6916,429.66574,164.05334,91.10094,11.645016,0.0,0.0,0.0
cs_agg_11518_32_11523_0,0.0,0.0,0.0,0.0,0.0,0.0,4.467011,165.98273,289.28357,401.66364,202.45781,67.01938,95.816246,471.78207,639.5361,503.17044,370.38922,394.21744,204.53323,72.635635,5.1061096,0.0,0.0,0.0
cs_agg_11514_32_11516_0_12464_0_12462_15_11516_1_12464_1,0.0,0.0,0.0,0.0,0.0,0.0,5.1594667,159.74171,291.56174,397.06995,455.89984,66.203575,89.170006,455.06174,646.39594,493.78357,441.8208,419.11563,175.29308,90.273605,5.1066194,0.0,0.0,0.0
cs_agg_11516_10_9908_16_10691_9_11882_34_12464_4_9929_0_9844_1_9931_11,0.0,0.0,0.0,0.0,0.0,0.0,5.0525236,153.1321,313.1779,450.80786,535.095,64.20249,80.20359,406.0461,706.84186,454.74066,489.60944,375.73074,209.54527,98.133575,6.387742,0.0,0.0,0.0
cs_agg_11538_0_11530_46,0.0,0.0,0.0,0.0,0.0,0.0,8.027287,161.29686,288.68738,405.6511,499.8924,78.4224,78.2933,483.2347,670.7097,627.3537,330.05618,431.5532,167.9403,23.088923,32.57313,0.0,0.0,0.0
cs_agg_11643_41_11697_35_10630_17_12477_32_10808_22_9722_19_11978_23_9737_25_11665_39,0.0,0.0,0.0,0.0,0.0,0.0,5.1594667,159.75644,291.57977,397.08154,455.90552,66.203575,89.170006,455.06235,646.3977,493.78387,441.81976,419.1074,175.29062,90.27129,5.1066194,0.0,0.0,0.0
cs_agg_10959_0_10956_24_12115_27_12434_14_11773_6_10959_1_11776_10_12113_22_12422_21,0.0,0.0,0.0,0.0,0.0,0.0,7.2949324,159.21259,287.0584,406.9873,500.44714,75.16425,83.20307,490.6458,675.9506,619.12286,367.9431,421.05322,150.96944,30.995228,31.722113,0.0,0.0,0.0
cs_agg_10965_0_10970_27,0.0,0.0,0.0,0.0,0.0,0.0,5.1590176,154.69583,289.2944,400.9168,495.0631,66.20136,81.696686,447.88507,660.06036,542.8569,452.6918,429.66656,164.05344,91.101006,11.645016,0.0,0.0,0.0
cs_agg_11800_0_11164_0_11804_22_11166_22,0.0,0.0,0.0,0.0,0.0,0.0,5.1590176,154.69583,289.2944,400.9168,495.0631,66.20136,81.696686,447.88507,660.06036,542.8569,452.6918,429.66656,164.05344,91.101006,11.645016,0.0,0.0,0.0
cs_agg_9737_0_11857_8_9737_1,0.0,0.0,0.0,0.0,0.0,0.0,4.467135,159.79225,290.74802,396.28168,455.89963,66.20175,89.167915,455.06183,646.40625,494.56357,442.6045,419.13724,175.293,90.27179,5.106247,0.0,0.0,0.0
cs_agg_11967_0_11967_1_11963_44_10695_33_10705_0_10705_1,0.0,0.0,0.0,0.0,0.0,0.0,5.867823,161.51193,289.1292,399.22623,507.3695,65.38458,81.67111,326.94147,657.1136,556.25146,480.8631,390.09753,234.14616,120.45694,17.022161,0.0,0.0,0.0
cs_agg_11967_43_11963_0_10695_0_10705_33,0.0,0.0,0.0,0.0,0.0,0.0,4.4672785,166.12837,288.69305,400.3938,88.75637,64.67725,95.93146,432.92734,606.0119,541.7459,418.3513,386.16763,229.68341,106.177376,5.1208506,0.0,0.0,0.0
cs_agg_11973_30_9852_17_10683_0_9836_28,0.0,0.0,0.0,0.0,0.0,0.0,6.580461,154.39075,290.43652,396.1263,500.50232,63.749928,78.35805,385.40576,658.64575,518.28735,463.85428,413.6108,254.61504,105.18439,13.178881,0.0,0.0,0.0
cs_agg_12113_47_12561_34_12556_9,0.0,0.0,0.0,0.0,0.0,0.0,11.748268,160.07738,291.66116,406.2731,501.98035,68.61008,91.496574,512.8264,650.0953,617.58777,397.9485,419.55185,138.81573,18.373583,21.644619,0.0,0.0,0.0
cs_agg_12115_0_12558_0_12570_0,0.0,0.0,0.0,0.0,0.0,0.0,11.748268,160.07991,291.66388,406.2748,501.9813,68.61008,91.496574,512.82654,650.09546,617.58765,397.94833,419.55045,138.81564,18.373583,21.644619,0.0,0.0,0.0
cs_agg_11039_11_11037_0_12607_19_12605_0_11037_1_12605_1_12497_20_12499_0_12499_1,0.0,0.0,0.0,0.0,0.0,0.0,5.1594667,159.73018,291.55856,397.07172,455.90204,66.203575,89.170006,455.0624,646.3991,493.78534,441.82312,419.11966,175.29314,90.27306,5.1066194,0.0,0.0,0.0
cs_agg_12570_35_12561_0,0.0,0.0,0.0,0.0,0.0,0.0,4.467135,159.79811,290.75177,396.2829,455.8999,66.20175,89.167915,455.06168,646.4055,494.56305,442.6036,419.1347,175.29263,90.271614,5.106247,0.0,0.0,0.0
cs_agg_12751_33_12751_34_11845_43,0.0,0.0,0.0,0.0,0.0,0.0,4.467011,165.93979,289.25632,401.651,202.45775,67.01938,95.816246,471.78238,639.53845,503.17303,370.39172,394.2309,204.5397,72.636154,5.1061096,0.0,0.0,0.0
cs_agg_12788_0_12763_0_12771_36,0.0,0.0,0.0,0.0,0.0,0.0,5.1590176,154.71344,289.30414,400.918,495.0614,66.20136,81.696686,447.8843,660.05634,542.85345,452.68793,429.6579,164.05287,91.10106,11.645016,0.0,0.0,0.0
cs_agg_10661_0_10064_29_10663_31_10066_0,0.0,0.0,0.0,0.0,0.0,0.0,4.467011,165.962,289.27457,401.6619,202.45781,67.01938,95.816246,471.7827,639.539,503.17255,370.39075,394.22324,204.53487,72.635666,5.1061096,0.0,0.0,0.0
cs_agg_9908_53_9922_0,0.0,0.0,0.0,0.0,0.0,0.0,5.162839,163.0595,291.83673,401.3218,448.6287,61.350372,80.0748,347.05093,658.5244,527.3179,439.94357,368.99432,249.38565,146.3641,24.102295,0.0,0.0,0.0
cs_agg_12434_34_12434_35,0.0,0.0,0.0,0.0,0.0,0.0,9.486014,166.20084,285.4334,399.94498,342.96777,67.10137,126.81218,520.7747,570.1953,593.6263,340.75214,396.77536,174.01366,47.34241,5.108898,0.0,0.0,0.0
cs_agg_11804_21_10538_19_11166_21_10970_26_10537_0_10538_20,0.0,0.0,0.0,0.0,0.0,0.0,5.1590176,154.6977,289.2959,400.91748,495.06332,66.20136,81.696686,447.885,660.06006,542.8566,452.6915,429.6655,164.05333,91.100914,11.645016,0.0,0.0,0.0
cs_agg_10537_16_10538_0,0.0,0.0,0.0,0.0,0.0,0.0,5.1571207,166.6049,287.6924,401.4882,489.5304,70.28947,103.31255,510.92767,613.04315,606.8721,338.41516,405.84518,151.12126,51.34725,10.1402445,0.0,0.0,0.0
cs_agg_10948_0_10802_38,0.0,0.0,0.0,0.0,0.0,0.0,5.1590176,154.69087,289.28647,400.91107,495.0593,66.20136,81.696686,447.8847,660.0592,542.8564,452.6921,429.6702,164.05428,91.10214,11.645016,0.0,0.0,0.0
cs_agg_11880_0_10675_0_11986_0,0.0,0.0,0.0,0.0,0.0,0.0,4.469894,161.07584,289.55246,402.07117,305.8207,62.981636,85.87849,409.24164,644.20874,463.17773,453.15677,382.76346,244.0212,103.80404,5.118306,0.0,0.0,0.0
cs_agg_11968_0_9873_0,0.0,0.0,0.0,0.0,0.0,0.0,4.469894,161.05225,289.54376,402.07205,305.82126,62.981636,85.87849,409.2423,644.21375,463.18015,453.16147,382.76974,244.02335,103.80312,5.118306,0.0,0.0,0.0
cs_agg_10675_37_10671_0_11957_0_11962_49_10671_1_11957_1,0.0,0.0,0.0,0.0,0.0,0.0,5.162839,163.04842,291.82767,401.31696,448.62695,61.350372,80.0748,347.05093,658.5246,527.3185,439.94473,368.99747,249.39061,146.37146,24.102295,0.0,0.0,0.0
cs_agg_11679_0_11683_37_11679_1,0.0,0.0,0.0,0.0,0.0,0.0,9.486014,166.21217,285.44162,399.94986,342.96844,67.10137,126.81218,520.77484,570.1953,593.6257,340.75174,396.77158,174.0126,47.34241,5.108898,0.0,0.0,0.0
cs_agg_11679_36_11683_0,0.0,0.0,0.0,0.0,0.0,0.0,5.866476,155.5095,290.1539,401.79086,496.06332,66.1359,81.60661,448.1811,660.1673,543.0365,452.35294,430.07043,163.97296,91.016785,11.638774,0.0,0.0,0.0
cs_agg_10671_36_11882_47_11989_25,0.0,0.0,0.0,0.0,0.0,0.0,4.469894,161.07602,289.5527,402.0713,305.82074,62.981636,85.87849,409.24164,644.20874,463.17773,453.15677,382.76343,244.02104,103.80399,5.118306,0.0,0.0,0.0
cs_agg_11518_0_11838_49_11845_0_11523_30,0.0,0.0,0.0,0.0,0.0,0.0,5.8688593,151.00876,289.80893,396.9367,506.62903,62.93702,74.22472,368.4216,658.6466,570.1404,440.52304,420.41486,179.36955,85.54855,10.169952,0.0,0.0,0.0
cs_agg_9777_0_9773_29,0.0,0.0,0.0,0.0,0.0,0.0,5.1590176,154.70282,289.29315,400.91193,495.05823,66.20136,81.696686,447.88422,660.0565,542.8542,452.68954,429.6643,164.05388,91.10215,11.645016,0.0,0.0,0.0
cs_agg_9777_31_9773_0,0.0,0.0,0.0,0.0,0.0,0.0,9.486014,166.18312,285.42606,399.94336,342.96796,67.10137,126.81218,520.77545,570.19684,593.6292,340.75302,396.78018,174.01433,47.34241,5.108898,0.0,0.0,0.0
cs_agg_11060_0_11067_23,0.0,0.0,0.0,0.0,0.0,0.0,6.580461,154.38052,290.43253,396.12747,500.50494,63.749928,78.35805,385.40607,658.64905,518.28955,463.8572,413.61514,254.61583,105.18345,13.178881,0.0,0.0,0.0
cs_agg_10965_25_10970_0,0.0,0.0,0.0,0.0,0.0,0.0,4.465293,161.48582,290.00662,406.8827,499.45667,71.10855,90.83314,494.30905,659.0248,615.9919,386.81775,410.36227,93.76491,52.167393,12.386807,0.0,0.0,0.0
cs_agg_12123_27_12124_0_10487_0_10481_42,0.0,0.0,0.0,0.0,0.0,0.0,4.465293,161.48582,290.00662,406.8827,499.45667,71.10855,90.83314,494.30905,659.0248,615.9919,386.81775,410.36227,93.76491,52.167393,12.386807,0.0,0.0,0.0
cs_agg_11065_20_11067_0_9852_0_9844_45,0.0,0.0,0.0,0.0,0.0,0.0,5.8656178,162.69467,289.73843,398.28543,505.4828,63.801357,83.39108,336.47415,652.49536,528.08374,463.99637,366.67117,272.4959,142.20033,24.897156,0.0,0.0,0.0
cs_agg_11039_0_11037_12,0.0,0.0,0.0,0.0,0.0,0.0,4.467011,165.96861,289.27567,401.66055,202.45781,67.01938,95.816246,471.7823,639.53723,503.1715,370.39017,394.22168,204.535,72.63575,5.1061096,0.0,0.0,0.0
cs_agg_12763_36_12771_0,0.0,0.0,0.0,0.0,0.0,0.0,12.513905,159.50562,289.58417,403.57834,503.40277,72.69105,73.98063,469.89346,663.2462,614.2392,425.97974,414.4986,100.28384,27.021301,13.897544,0.0,0.0,0.0
cs_agg_11475_0_11467_26_11475_1,0.0,0.0,0.0,0.0,0.0,0.0,7.298965,159.20175,287.21277,407.15268,499.88602,75.13973,83.26143,490.37216,673.7299,618.2662,368.33563,421.00143,151.03801,31.035488,31.766037,0.0,0.0,0.0
cs_agg_11475_27_10487_39_10481_0_11467_0,0.0,0.0,0.0,0.0,0.0,0.0,4.467135,159.80028,290.74634,396.27658,455.89575,66.20175,89.167915,455.06088,646.40247,494.56165,442.6023,419.13528,175.29366,90.273,5.106247,0.0,0.0,0.0
cs_agg_11079_0_11077_9_11079_1_10705_29,0.0,0.0,0.0,0.0,0.0,0.0,4.4672785,166.12982,288.6913,400.3915,88.75637,64.67725,95.93146,432.9271,606.01086,541.7452,418.35086,386.16763,229.68454,106.17842,5.1208506,0.0,0.0,0.0
cs_agg_11079_10_11077_0,0.0,0.0,0.0,0.0,0.0,0.0,5.159926,166.01633,289.46835,401.93036,275.93784,63.86177,82.63352,367.05667,657.63947,560.266,412.8796,364.00116,197.7294,149.19366,17.033104,0.0,0.0,0.0
cs_agg_11082_16_10120_31_11085_0_12038_6,0.0,0.0,0.0,0.0,0.0,0.0,6.580461,154.39937,290.45132,396.13666,500.50974,63.749928,78.35805,385.4061,658.6481,518.28815,463.85373,413.60477,254.60464,105.179825,13.178881,0.0,0.0,0.0
cs_agg_9852_46_9844_0,0.0,0.0,0.0,0.0,0.0,0.0,5.05156,153.64963,314.0155,451.62704,535.7276,64.191696,80.19021,406.01807,706.6245,454.5203,488.94855,374.80615,208.97765,97.96852,6.3865414,0.0,0.0,0.0
cs_agg_10120_0_10195_0_12049_0,0.0,0.0,0.0,0.0,0.0,0.0,6.58296,161.88237,293.0098,402.58038,510.90173,62.111485,74.08822,270.4279,659.539,491.7748,440.79736,410.1993,112.78598,95.86087,7.2338285,0.0,0.0,0.0
cs_agg_10808_0_11530_0_10808_1_11530_1,0.0,0.0,0.0,0.0,0.0,0.0,4.467135,159.81194,290.75888,396.28403,455.8992,66.20175,89.167915,455.06116,646.4031,494.56152,442.60123,419.12918,175.29202,90.27157,5.106247,0.0,0.0,0.0
cs_agg_9722_0_9722_1,0.0,0.0,0.0,0.0,0.0,0.0,4.469894,161.0665,289.5548,402.07758,305.8216,62.981636,85.87849,409.2423,644.21313,463.17957,453.15958,382.765,244.0179,103.80134,5.118306,0.0,0.0,0.0
cs_agg_10980_0_10980_1,0.0,0.0,0.0,0.0,0.0,0.0,4.467135,159.79137,290.74634,396.28043,455.8989,66.20175,89.167915,455.06174,646.4059,494.56342,442.6045,419.13785,175.29326,90.27205,5.106247,0.0,0.0,0.0
cs_agg_11090_0_10036_0_12472_0,0.0,0.0,0.0,0.0,0.0,0.0,10.234409,170.2644,285.5238,397.7683,60.71539,69.567894,146.77324,469.05206,569.3959,558.1069,489.3346,372.73706,208.75209,85.709885,5.1113234,0.0,0.0,0.0
